id,fecha,reserva,asistencia,owner_id,pet_id,idValoracion
1,2022-08-04,False,completado,998,1534,55
2,2023-05-02,True,pendiente,974,1247,290
3,2023-06-02,False,completado,1,510,151
4,2024-04-11,True,pendiente,913,681,624
5,2022-11-02,False,completado,15,588,24
6,2024-01-05,True,completado,871,558,1299
7,2022-07-11,False,pendiente,173,1368,1726
8,2023-09-21,True,pendiente,559,502,1512
9,2022-11-21,False,completado,289,1973,561
10,2023-01-18,True,cancelado,307,934,1931
11,2023-12-21,False,completado,878,1945,1621
12,2024-03-20,True,completado,637,825,22
13,2022-12-14,False,pendiente,177,749,1213
14,2022-12-03,True,confirmado,566,1062,1245
15,2024-04-03,False,completado,282,1648,503
16,2024-06-09,True,pendiente,942,1920,1817
17,2023-11-16,False,pendiente,865,1836,958
18,2022-09-03,True,completado,645,126,1846
19,2023-03-13,False,completado,199,731,1908
20,2023-06-14,True,cancelado,210,1586,1978
21,2024-03-06,False,pendiente,45,258,1267
22,2024-05-21,True,completado,449,891,1841
23,2024-01-24,False,completado,672,1727,1774
24,2023-10-24,True,cancelado,738,48,1500
25,2022-08-10,False,completado,203,105,105
26,2024-04-16,True,confirmado,211,367,1983
27,2023-03-07,False,completado,504,1143,754
28,2023-01-30,True,completado,447,275,1601
29,2023-02-01,False,completado,621,57,1882
30,2023-08-02,True,completado,337,499,102
31,2023-07-17,False,completado,513,67,1535
32,2023-10-02,True,pendiente,595,730,1405
33,2024-03-13,False,pendiente,590,41,742
34,2023-12-23,True,cancelado,184,845,15
35,2022-08-12,False,pendiente,914,651,570
36,2022-10-12,True,pendiente,413,508,1743
37,2024-02-18,False,pendiente,915,1960,900
38,2023-04-30,True,confirmado,558,1929,1432
39,2022-06-13,False,completado,968,1469,1810
40,2024-03-01,True,pendiente,266,1620,1835
41,2022-10-09,False,pendiente,393,1061,748
42,2022-07-17,True,completado,795,1175,1251
43,2022-08-17,False,completado,548,527,1764
44,2024-01-15,True,confirmado,877,1621,634
45,2022-08-07,False,completado,758,753,1998
46,2023-12-31,True,confirmado,7,1973,541
47,2023-07-19,False,completado,497,90,1324
48,2024-02-27,True,confirmado,6,802,58
49,2022-12-22,False,completado,274,173,1347
50,2023-07-18,True,pendiente,54,1558,1243
51,2023-10-03,False,completado,386,152,1903
52,2022-09-01,True,pendiente,941,1556,1187
53,2023-08-07,False,completado,935,402,119
54,2023-10-09,True,pendiente,68,1377,2097
55,2024-06-04,False,completado,397,628,1463
56,2023-03-28,True,pendiente,575,1362,1321
57,2023-12-03,False,pendiente,429,255,266
58,2022-10-14,True,pendiente,874,1801,1886
59,2024-01-02,False,pendiente,626,629,1502
60,2023-07-31,True,cancelado,823,1851,316
61,2024-01-06,False,completado,688,1540,1980
62,2022-09-19,True,confirmado,714,428,867
63,2022-12-23,False,pendiente,857,278,123
64,2024-04-05,True,confirmado,394,1484,1537
65,2023-02-27,False,completado,510,1096,788
66,2024-05-11,True,cancelado,191,87,1481
67,2023-04-12,False,completado,746,1494,1460
68,2022-12-10,True,cancelado,24,234,2047
69,2024-04-02,False,pendiente,854,1352,928
70,2024-03-21,True,pendiente,11,422,948
71,2024-04-14,False,pendiente,34,252,1440
72,2022-09-19,True,completado,144,137,1508
73,2023-12-11,False,completado,940,537,25
74,2023-12-01,True,confirmado,409,1949,180
75,2023-08-24,False,completado,750,762,1359
76,2023-10-04,True,confirmado,858,1193,1632
77,2022-11-02,False,completado,963,1677,634
78,2023-03-29,True,cancelado,463,1918,1570
79,2024-02-18,False,pendiente,950,345,1335
80,2022-11-21,True,completado,739,1668,1753
81,2023-01-20,False,completado,788,239,1158
82,2022-06-18,True,pendiente,536,538,547
83,2023-04-04,False,completado,271,1459,314
84,2022-12-09,True,completado,210,1474,1257
85,2024-04-21,False,pendiente,124,1380,621
86,2023-03-31,True,confirmado,354,1861,573
87,2023-02-26,False,completado,486,439,1830
88,2023-12-17,True,cancelado,24,1871,415
89,2023-02-13,False,pendiente,352,97,140
90,2022-07-31,True,pendiente,983,1773,1782
91,2022-10-25,False,pendiente,328,83,930
92,2023-03-22,True,cancelado,743,1287,1054
93,2023-06-14,False,pendiente,90,1988,1386
94,2024-02-14,True,confirmado,579,1567,1242
95,2023-03-09,False,pendiente,717,1410,1148
96,2022-08-31,True,confirmado,531,1975,1057
97,2022-10-14,False,completado,861,1330,1130
98,2023-06-13,True,completado,96,272,1363
99,2024-02-16,False,pendiente,576,1274,466
100,2024-02-28,True,confirmado,220,909,134
101,2023-06-11,False,completado,143,382,733
102,2023-08-16,True,confirmado,235,682,1574
103,2022-11-18,False,pendiente,45,423,1943
104,2022-08-02,True,confirmado,190,1287,2063
105,2023-07-17,False,completado,270,245,1815
106,2022-09-22,True,cancelado,781,1636,1113
107,2024-01-04,False,completado,626,5,1098
108,2023-09-27,True,completado,197,406,596
109,2023-05-23,False,pendiente,427,1325,182
110,2024-06-07,True,confirmado,158,695,647
111,2024-01-28,False,completado,523,111,897
112,2022-08-10,True,completado,538,1818,96
113,2023-06-04,False,pendiente,322,34,799
114,2023-07-31,True,cancelado,464,360,500
115,2022-11-10,False,pendiente,866,220,51
116,2024-01-20,True,pendiente,567,1825,228
117,2022-07-23,False,pendiente,359,519,2012
118,2022-08-05,True,completado,720,624,25
119,2024-05-08,False,pendiente,916,1344,1194
120,2023-10-02,True,pendiente,671,1422,1563
121,2023-10-29,False,completado,791,429,1059
122,2024-01-10,True,pendiente,54,1436,1981
123,2024-02-04,False,completado,152,102,1751
124,2024-05-10,True,confirmado,228,1318,640
125,2022-06-13,False,pendiente,824,1606,330
126,2023-02-24,True,pendiente,771,1365,1936
127,2023-12-25,False,pendiente,232,1038,1010
128,2022-09-06,True,pendiente,288,1162,29
129,2024-02-13,False,completado,203,389,1121
130,2022-07-01,True,pendiente,814,1449,1009
131,2022-07-09,False,pendiente,327,122,1854
132,2023-12-03,True,confirmado,513,407,1341
133,2023-08-18,False,pendiente,351,844,1842
134,2024-05-31,True,confirmado,826,1351,1061
135,2023-04-14,False,completado,25,79,1372
136,2023-05-23,True,pendiente,366,1454,931
137,2023-10-25,False,pendiente,734,656,1270
138,2024-03-29,True,confirmado,647,655,802
139,2023-10-01,False,pendiente,510,1223,1540
140,2023-06-02,True,completado,602,531,934
141,2023-10-02,False,completado,975,750,1111
142,2024-02-26,True,pendiente,289,841,425
143,2023-03-13,False,pendiente,482,377,1886
144,2023-03-07,True,pendiente,546,77,936
145,2024-06-10,False,pendiente,841,184,62
146,2023-02-12,True,completado,812,366,2064
147,2022-09-27,False,pendiente,11,1423,929
148,2024-02-14,True,completado,668,902,1880
149,2023-12-05,False,pendiente,253,881,576
150,2023-05-05,True,completado,740,7,2079
151,2024-03-20,False,completado,184,1639,979
152,2022-11-17,True,cancelado,661,1880,1170
153,2023-04-28,False,completado,98,146,1668
154,2024-03-12,True,cancelado,73,731,357
155,2023-10-20,False,pendiente,847,1746,450
156,2022-08-20,True,cancelado,3,1810,719
157,2023-12-19,False,pendiente,316,1834,1360
158,2023-05-21,True,cancelado,376,1192,983
159,2022-08-15,False,completado,212,1269,1194
160,2023-02-14,True,pendiente,98,1349,855
161,2023-08-09,False,pendiente,510,286,333
162,2022-09-21,True,cancelado,529,152,1596
163,2022-12-24,False,pendiente,927,1803,1603
164,2022-08-21,True,completado,104,777,1103
165,2023-08-10,False,pendiente,125,649,1578
166,2022-08-14,True,confirmado,713,1289,1628
167,2023-02-28,False,pendiente,251,1028,1885
168,2023-09-24,True,cancelado,496,1544,754
169,2023-01-10,False,completado,226,1889,1612
170,2023-12-22,True,completado,684,726,559
171,2023-03-05,False,pendiente,638,1326,1609
172,2024-04-19,True,confirmado,466,1864,867
173,2024-01-26,False,pendiente,469,1268,1303
174,2023-05-16,True,cancelado,202,915,181
175,2023-05-24,False,completado,838,77,864
176,2023-10-07,True,pendiente,677,1201,1887
177,2023-12-11,False,completado,433,926,845
178,2024-05-03,True,cancelado,123,1177,860
179,2024-02-21,False,pendiente,183,1535,1023
180,2024-01-22,True,completado,801,984,1
181,2023-08-18,False,completado,747,111,424
182,2023-06-06,True,confirmado,426,33,160
183,2023-06-14,False,completado,597,1803,366
184,2024-04-13,True,confirmado,717,511,1982
185,2022-06-22,False,pendiente,537,47,1975
186,2023-03-18,True,cancelado,549,1786,464
187,2024-03-18,False,completado,554,1176,1523
188,2022-12-22,True,completado,574,1079,1408
189,2023-03-06,False,completado,508,588,1832
190,2023-02-02,True,completado,459,1820,1978
191,2023-10-03,False,completado,542,1916,1555
192,2022-09-17,True,cancelado,517,1176,1555
193,2024-03-14,False,pendiente,293,165,236
194,2022-07-11,True,confirmado,60,1723,1162
195,2022-09-27,False,completado,490,1087,2067
196,2023-09-05,True,completado,308,366,949
197,2024-04-21,False,completado,297,1507,974
198,2023-05-31,True,confirmado,450,1275,274
199,2024-04-17,False,completado,703,1972,1442
200,2023-05-23,True,cancelado,349,214,1174
201,2023-02-14,False,completado,87,1813,1471
202,2022-10-07,True,pendiente,250,211,562
203,2024-04-21,False,completado,748,1541,969
204,2024-01-07,True,confirmado,982,1278,503
205,2024-05-16,False,pendiente,13,1135,907
206,2022-07-11,True,confirmado,333,586,1141
207,2022-08-07,False,pendiente,992,401,1144
208,2023-04-11,True,completado,534,1010,525
209,2023-05-02,False,completado,963,669,1844
210,2024-06-07,True,completado,765,1548,134
211,2023-05-13,False,completado,655,1347,228
212,2024-03-13,True,pendiente,738,1327,351
213,2023-03-10,False,pendiente,254,582,327
214,2023-10-04,True,confirmado,50,1131,1546
215,2022-08-05,False,pendiente,706,943,1844
216,2024-06-11,True,confirmado,187,352,630
217,2023-06-05,False,pendiente,938,797,1732
218,2022-06-17,True,cancelado,439,1484,782
219,2022-12-29,False,completado,815,1639,174
220,2023-05-28,True,confirmado,432,99,2097
221,2022-07-15,False,completado,664,1791,2087
222,2023-10-05,True,confirmado,846,396,607
223,2024-04-13,False,pendiente,399,226,1587
224,2022-07-30,True,cancelado,299,1197,408
225,2023-06-21,False,completado,593,1410,478
226,2023-02-18,True,confirmado,822,1647,965
227,2022-07-15,False,pendiente,351,67,720
228,2024-06-04,True,cancelado,410,901,1404
229,2023-12-30,False,completado,52,1496,722
230,2023-04-13,True,completado,345,1840,712
231,2022-10-15,False,pendiente,593,1608,1194
232,2023-04-25,True,confirmado,278,527,359
233,2022-10-13,False,completado,993,447,411
234,2022-07-10,True,pendiente,38,1549,1045
235,2023-05-03,False,pendiente,930,1877,1128
236,2023-05-11,True,completado,274,1428,741
237,2024-03-06,False,completado,394,1812,1100
238,2022-10-17,True,cancelado,548,1152,94
239,2023-05-23,False,completado,387,1912,999
240,2023-04-03,True,cancelado,997,1171,1311
241,2023-07-07,False,pendiente,3,799,1599
242,2022-10-31,True,pendiente,994,672,1462
243,2024-02-25,False,pendiente,997,162,1936
244,2023-06-03,True,cancelado,949,184,106
245,2024-04-22,False,completado,124,226,170
246,2023-07-14,True,completado,509,1197,352
247,2024-04-24,False,pendiente,211,1795,118
248,2022-11-18,True,cancelado,403,871,2060
249,2023-03-29,False,completado,634,1369,481
250,2023-10-13,True,pendiente,931,1175,1949
251,2024-02-23,False,pendiente,173,1943,1264
252,2022-07-10,True,cancelado,327,1126,1903
253,2023-10-31,False,pendiente,592,657,1108
254,2022-07-05,True,pendiente,622,1609,277
255,2023-07-18,False,completado,59,387,2062
256,2024-01-20,True,pendiente,950,1015,9
257,2023-08-09,False,completado,278,676,274
258,2023-04-17,True,confirmado,567,1435,525
259,2023-11-06,False,completado,121,1208,129
260,2023-06-21,True,cancelado,423,1482,2099
261,2023-02-27,False,pendiente,155,1912,1023
262,2024-01-18,True,completado,636,239,1258
263,2023-05-28,False,completado,899,348,846
264,2023-05-19,True,completado,794,762,2084
265,2024-04-11,False,pendiente,378,264,1533
266,2023-04-23,True,pendiente,132,928,638
267,2024-04-09,False,pendiente,249,1226,1279
268,2023-09-06,True,confirmado,896,1560,113
269,2022-09-23,False,completado,313,723,70
270,2022-07-28,True,completado,689,170,793
271,2022-10-27,False,pendiente,886,1334,1262
272,2022-08-24,True,pendiente,218,184,677
273,2023-11-25,False,pendiente,26,1651,436
274,2022-11-30,True,completado,427,1326,1197
275,2022-08-17,False,completado,327,224,752
276,2023-10-17,True,completado,71,187,598
277,2023-08-08,False,completado,806,1835,49
278,2023-03-22,True,pendiente,367,729,1386
279,2023-02-14,False,completado,315,1520,1357
280,2024-02-29,True,cancelado,742,60,87
281,2023-01-20,False,pendiente,171,773,806
282,2023-12-29,True,pendiente,561,1777,158
283,2023-10-22,False,pendiente,517,513,1758
284,2024-02-23,True,pendiente,746,1090,502
285,2022-06-25,False,completado,235,411,201
286,2022-07-12,True,confirmado,740,287,675
287,2024-05-11,False,completado,498,1293,404
288,2024-01-03,True,pendiente,365,1796,1281
289,2023-08-11,False,completado,103,1617,869
290,2022-07-11,True,confirmado,432,1104,1753
291,2023-04-11,False,pendiente,514,531,644
292,2023-06-08,True,pendiente,999,638,2048
293,2023-03-03,False,pendiente,483,1030,1798
294,2024-05-22,True,confirmado,515,1988,1523
295,2022-12-10,False,completado,359,309,1970
296,2024-05-05,True,completado,165,586,355
297,2023-04-08,False,completado,658,1885,950
298,2022-12-06,True,confirmado,646,798,641
299,2024-04-09,False,pendiente,150,245,1131
300,2022-07-27,True,pendiente,188,786,1242
301,2022-08-05,False,pendiente,833,887,2055
302,2023-03-23,True,confirmado,901,24,878
303,2023-01-01,False,completado,112,618,1374
304,2022-07-15,True,confirmado,341,1522,1873
305,2023-02-16,False,pendiente,119,28,1299
306,2023-01-18,True,pendiente,508,1705,1941
307,2023-11-14,False,completado,826,714,1449
308,2024-01-06,True,completado,271,719,1304
309,2023-05-16,False,pendiente,660,1245,887
310,2023-03-25,True,confirmado,647,1438,1379
311,2022-06-16,False,completado,739,642,1073
312,2023-02-14,True,cancelado,890,900,407
313,2023-08-08,False,pendiente,58,76,19
314,2023-06-01,True,pendiente,667,1851,1289
315,2022-07-18,False,completado,986,1357,1050
316,2023-06-24,True,confirmado,539,1449,1853
317,2023-11-24,False,completado,51,1941,115
318,2022-08-31,True,cancelado,516,609,1741
319,2023-09-01,False,pendiente,216,1149,303
320,2024-05-08,True,pendiente,744,1714,334
321,2023-12-13,False,completado,377,555,857
322,2024-05-27,True,confirmado,106,514,104
323,2023-02-01,False,pendiente,230,1936,1039
324,2024-01-09,True,pendiente,619,382,272
325,2023-02-25,False,completado,509,21,587
326,2024-03-07,True,completado,641,82,272
327,2022-08-12,False,pendiente,999,1740,1583
328,2024-03-27,True,confirmado,918,1982,1576
329,2023-05-31,False,completado,510,1160,387
330,2023-01-13,True,cancelado,905,991,1813
331,2022-07-09,False,completado,460,289,1891
332,2024-01-28,True,cancelado,374,1193,445
333,2024-05-02,False,completado,4,951,838
334,2022-11-03,True,confirmado,457,503,1782
335,2022-09-22,False,pendiente,940,1608,1320
336,2022-07-28,True,confirmado,436,1080,1653
337,2023-09-22,False,completado,976,1089,1840
338,2024-01-04,True,pendiente,879,1985,201
339,2023-04-11,False,pendiente,472,65,1802
340,2023-06-20,True,confirmado,567,992,1285
341,2022-10-22,False,completado,693,918,629
342,2024-03-16,True,cancelado,584,1919,985
343,2022-06-24,False,pendiente,664,891,1805
344,2022-08-31,True,pendiente,859,817,157
345,2024-05-13,False,pendiente,392,1085,1429
346,2023-01-16,True,confirmado,93,1706,898
347,2022-10-08,False,completado,912,1811,1119
348,2023-07-09,True,completado,40,1291,1975
349,2023-06-12,False,pendiente,789,309,1937
350,2023-12-05,True,cancelado,383,1680,545
351,2022-10-28,False,completado,698,1428,1172
352,2024-04-12,True,completado,426,1847,1852
353,2024-05-23,False,pendiente,653,542,34
354,2023-10-23,True,confirmado,121,993,2004
355,2022-10-30,False,pendiente,904,1198,1118
356,2022-09-03,True,cancelado,334,150,2068
357,2024-04-29,False,pendiente,159,1895,1565
358,2024-05-26,True,pendiente,983,848,1377
359,2023-02-06,False,pendiente,963,1128,884
360,2024-03-26,True,cancelado,192,182,780
361,2024-06-08,False,completado,480,1703,1443
362,2023-03-05,True,cancelado,471,464,1137
363,2023-07-05,False,pendiente,101,784,634
364,2023-09-23,True,confirmado,563,1543,512
365,2023-08-04,False,completado,646,104,658
366,2023-11-01,True,completado,753,1554,632
367,2022-09-13,False,completado,951,1730,994
368,2023-09-17,True,cancelado,534,502,1402
369,2022-09-06,False,pendiente,585,1936,1394
370,2023-10-17,True,cancelado,544,1008,725
371,2022-06-17,False,completado,320,874,742
372,2023-07-06,True,completado,837,680,1128
373,2023-07-02,False,completado,552,1845,1372
374,2023-05-05,True,completado,975,1643,100
375,2023-07-11,False,completado,145,908,1892
376,2023-10-26,True,cancelado,489,805,213
377,2023-08-24,False,completado,707,1553,1227
378,2023-11-26,True,completado,157,115,1778
379,2024-05-02,False,pendiente,269,1741,1456
380,2022-07-15,True,completado,196,866,1854
381,2023-05-01,False,pendiente,459,397,258
382,2023-01-15,True,completado,657,1421,123
383,2022-09-18,False,completado,788,1584,1605
384,2023-06-20,True,cancelado,474,929,761
385,2023-11-05,False,completado,210,422,1969
386,2023-08-10,True,confirmado,832,1734,1400
387,2022-08-28,False,pendiente,989,1155,1520
388,2023-10-31,True,completado,728,1372,1977
389,2023-01-23,False,pendiente,280,570,1059
390,2023-12-24,True,confirmado,420,195,819
391,2023-03-04,False,completado,434,657,1035
392,2024-01-28,True,confirmado,13,1472,788
393,2023-02-27,False,completado,340,123,877
394,2023-10-30,True,confirmado,558,860,154
395,2024-04-27,False,completado,6,1925,1550
396,2023-07-17,True,cancelado,428,1941,956
397,2023-05-15,False,completado,782,723,1528
398,2023-04-03,True,pendiente,995,511,1834
399,2023-09-28,False,pendiente,967,748,976
400,2024-02-02,True,cancelado,151,987,2035
401,2023-02-18,False,pendiente,953,1045,1729
402,2024-02-15,True,completado,484,285,1880
403,2024-01-17,False,pendiente,63,1069,572
404,2022-10-10,True,cancelado,123,1027,172
405,2023-11-10,False,completado,48,422,342
406,2023-04-01,True,pendiente,295,512,1872
407,2024-02-09,False,pendiente,98,692,1322
408,2023-03-27,True,pendiente,653,1958,931
409,2022-10-07,False,pendiente,853,20,2062
410,2023-05-10,True,pendiente,843,1386,374
411,2023-07-18,False,pendiente,368,1306,339
412,2023-10-04,True,confirmado,150,755,1498
413,2024-04-17,False,pendiente,876,1099,1735
414,2022-06-21,True,cancelado,608,275,1537
415,2023-12-10,False,completado,553,1228,802
416,2022-09-06,True,confirmado,140,1192,1472
417,2023-08-13,False,completado,541,107,1152
418,2024-04-16,True,confirmado,873,1791,427
419,2024-05-15,False,pendiente,251,10,56
420,2022-10-09,True,cancelado,646,1715,620
421,2023-03-15,False,completado,851,1569,484
422,2023-09-12,True,cancelado,964,1849,1033
423,2023-03-11,False,completado,570,1640,743
424,2024-01-27,True,confirmado,782,138,467
425,2022-09-24,False,pendiente,363,871,7
426,2024-05-28,True,completado,971,842,884
427,2022-07-24,False,pendiente,413,1564,522
428,2022-11-21,True,completado,402,888,1296
429,2023-09-02,False,pendiente,412,58,1338
430,2023-11-11,True,cancelado,140,1757,1299
431,2023-03-09,False,pendiente,552,825,372
432,2024-05-14,True,completado,800,543,35
433,2022-09-05,False,completado,175,837,342
434,2022-10-30,True,cancelado,34,1245,253
435,2023-06-18,False,pendiente,909,1574,448
436,2023-01-24,True,confirmado,256,1887,1765
437,2023-11-24,False,pendiente,148,891,1544
438,2023-08-15,True,cancelado,365,1517,1286
439,2024-01-22,False,pendiente,501,107,203
440,2023-01-21,True,completado,496,1496,1280
441,2023-04-19,False,pendiente,34,1758,1246
442,2022-08-18,True,pendiente,737,1536,897
443,2023-11-18,False,completado,893,451,1984
444,2023-02-23,True,confirmado,193,1429,790
445,2023-03-26,False,completado,191,1753,374
446,2023-07-14,True,pendiente,197,1513,525
447,2024-03-21,False,completado,649,868,853
448,2023-11-02,True,cancelado,354,1923,140
449,2023-08-19,False,pendiente,964,672,1628
450,2023-09-08,True,pendiente,440,886,1591
451,2023-12-19,False,pendiente,643,1861,918
452,2024-04-14,True,confirmado,955,456,689
453,2023-03-07,False,completado,917,1809,1421
454,2023-05-22,True,pendiente,655,716,697
455,2023-04-29,False,completado,12,129,951
456,2023-10-23,True,cancelado,224,508,877
457,2023-04-09,False,completado,523,84,2018
458,2023-01-28,True,cancelado,927,566,2069
459,2023-03-14,False,pendiente,640,1628,2018
460,2023-04-07,True,pendiente,749,490,268
461,2023-02-21,False,pendiente,279,1758,720
462,2022-10-01,True,cancelado,371,89,1393
463,2023-07-13,False,completado,421,560,141
464,2023-12-30,True,confirmado,963,1721,947
465,2023-09-01,False,completado,832,380,1684
466,2023-01-28,True,cancelado,978,1225,949
467,2023-11-04,False,pendiente,863,102,182
468,2023-04-12,True,pendiente,727,1424,503
469,2023-11-04,False,pendiente,419,1558,1441
470,2022-10-19,True,completado,568,1073,657
471,2023-06-29,False,completado,722,762,1182
472,2024-02-08,True,confirmado,937,1094,912
473,2023-08-04,False,pendiente,914,1293,63
474,2024-03-22,True,cancelado,699,854,1180
475,2024-03-24,False,completado,909,1558,2011
476,2023-08-28,True,completado,651,1809,1861
477,2023-06-29,False,completado,602,645,570
478,2024-01-10,True,pendiente,322,1814,153
479,2023-08-10,False,pendiente,604,1965,327
480,2023-07-19,True,completado,451,639,863
481,2023-03-13,False,completado,888,1096,52
482,2023-01-09,True,cancelado,391,328,462
483,2023-08-12,False,pendiente,933,474,1702
484,2023-08-22,True,completado,752,687,374
485,2023-07-23,False,completado,426,491,530
486,2022-07-03,True,completado,308,70,1705
487,2023-03-07,False,completado,425,904,48
488,2023-10-03,True,cancelado,339,683,1866
489,2023-12-08,False,pendiente,237,1941,794
490,2024-05-02,True,cancelado,49,1736,1848
491,2022-10-28,False,pendiente,693,140,675
492,2023-05-25,True,cancelado,723,951,929
493,2022-12-26,False,completado,341,453,1465
494,2022-08-01,True,cancelado,872,785,1851
495,2023-06-06,False,pendiente,846,1593,1691
496,2023-06-21,True,cancelado,523,258,79
497,2024-04-05,False,pendiente,117,1044,1889
498,2023-01-27,True,pendiente,551,363,102
499,2024-04-16,False,completado,875,1300,762
500,2023-10-26,True,completado,218,1941,1528
501,2024-01-09,False,pendiente,346,917,910
502,2023-01-16,True,cancelado,95,876,170
503,2022-07-15,False,completado,975,1785,1303
504,2024-04-20,True,pendiente,21,290,1289
505,2024-03-18,False,pendiente,181,156,1327
506,2023-06-25,True,confirmado,521,653,269
507,2022-10-25,False,pendiente,955,1228,821
508,2024-04-07,True,cancelado,768,1679,207
509,2024-01-02,False,completado,439,575,736
510,2024-06-09,True,confirmado,435,475,908
511,2023-03-08,False,pendiente,367,1153,2013
512,2023-09-10,True,completado,78,1926,263
513,2022-12-19,False,pendiente,709,1557,216
514,2023-06-10,True,completado,547,1253,352
515,2023-06-22,False,pendiente,852,409,1196
516,2023-12-12,True,pendiente,543,24,850
517,2024-04-30,False,completado,368,972,423
518,2022-12-18,True,pendiente,273,1115,1382
519,2022-11-10,False,pendiente,954,565,52
520,2022-10-21,True,completado,955,835,862
521,2024-06-09,False,completado,182,1870,425
522,2023-03-23,True,cancelado,269,1821,106
523,2023-05-22,False,pendiente,77,1041,661
524,2022-08-05,True,completado,813,180,1137
525,2023-09-23,False,pendiente,101,1733,408
526,2023-10-21,True,cancelado,979,1351,148
527,2023-06-15,False,completado,482,541,609
528,2022-06-16,True,completado,663,1837,994
529,2023-12-25,False,pendiente,507,767,1577
530,2022-10-24,True,completado,774,592,534
531,2024-05-03,False,pendiente,981,357,257
532,2023-04-04,True,pendiente,132,1541,679
533,2023-02-27,False,completado,171,900,400
534,2022-09-15,True,confirmado,16,1216,1638
535,2024-03-02,False,pendiente,277,204,347
536,2022-11-27,True,pendiente,526,1297,545
537,2023-10-11,False,completado,802,398,931
538,2022-08-12,True,completado,317,319,1595
539,2022-07-27,False,pendiente,657,265,1860
540,2023-01-15,True,cancelado,609,1730,1206
541,2022-09-04,False,pendiente,608,957,1879
542,2024-02-27,True,pendiente,29,890,1268
543,2024-04-18,False,pendiente,475,1613,1560
544,2022-06-30,True,pendiente,855,1194,1169
545,2022-07-27,False,completado,639,723,1014
546,2022-09-13,True,confirmado,967,558,1156
547,2022-12-07,False,completado,961,1891,1345
548,2023-05-28,True,pendiente,393,777,1130
549,2023-05-07,False,pendiente,898,1714,926
550,2024-01-23,True,pendiente,434,570,327
551,2023-11-07,False,pendiente,426,1612,1384
552,2022-07-04,True,confirmado,140,1047,704
553,2022-07-20,False,completado,935,1787,259
554,2023-09-07,True,cancelado,218,1876,534
555,2023-12-29,False,completado,108,1400,1961
556,2023-09-05,True,completado,280,338,1941
557,2023-06-21,False,completado,194,1344,1990
558,2023-03-05,True,pendiente,273,1724,1091
559,2023-03-01,False,pendiente,717,1262,41
560,2022-09-30,True,pendiente,486,862,943
561,2023-10-18,False,pendiente,476,1293,1654
562,2022-11-14,True,completado,634,217,1851
563,2022-07-06,False,completado,545,954,1709
564,2022-10-19,True,pendiente,705,166,1903
565,2023-11-13,False,pendiente,963,1769,2055
566,2024-01-28,True,pendiente,618,1270,1764
567,2023-10-21,False,completado,202,354,1483
568,2023-05-02,True,cancelado,714,868,2032
569,2023-12-08,False,pendiente,87,1948,74
570,2022-12-29,True,cancelado,343,1076,1449
571,2022-08-15,False,completado,910,228,635
572,2023-03-16,True,confirmado,747,1505,1527
573,2022-09-25,False,pendiente,997,1268,1388
574,2023-03-22,True,completado,255,1288,1995
575,2023-11-11,False,completado,737,1527,1015
576,2023-01-22,True,confirmado,989,963,1459
577,2022-07-30,False,completado,856,1176,1753
578,2024-05-19,True,confirmado,842,1367,1251
579,2022-12-23,False,pendiente,176,1419,1167
580,2022-11-15,True,pendiente,231,1092,1807
581,2023-11-23,False,completado,31,436,1509
582,2023-04-17,True,cancelado,784,405,1812
583,2024-02-17,False,pendiente,977,165,48
584,2023-04-06,True,confirmado,625,388,1989
585,2024-01-13,False,completado,341,1997,1488
586,2024-02-10,True,confirmado,322,364,989
587,2024-03-14,False,pendiente,915,930,641
588,2024-03-07,True,completado,636,90,66
589,2023-06-05,False,pendiente,460,1769,337
590,2023-01-18,True,completado,759,1655,1899
591,2023-02-09,False,pendiente,72,736,1118
592,2023-10-06,True,completado,156,644,965
593,2023-05-20,False,pendiente,739,313,1643
594,2022-12-15,True,pendiente,349,986,297
595,2023-04-05,False,pendiente,505,1569,112
596,2022-08-29,True,confirmado,380,1315,136
597,2023-03-12,False,pendiente,802,443,1707
598,2024-01-18,True,confirmado,998,25,820
599,2022-08-11,False,pendiente,70,1519,1177
600,2022-12-08,True,completado,914,1207,1528
601,2022-06-30,False,completado,745,1652,1142
602,2023-09-20,True,confirmado,581,220,91
603,2023-12-30,False,pendiente,201,470,44
604,2024-01-01,True,confirmado,29,1327,2007
605,2024-05-17,False,completado,120,1606,468
606,2022-11-08,True,cancelado,927,1339,28
607,2023-07-31,False,pendiente,17,879,1648
608,2024-03-28,True,confirmado,684,590,685
609,2023-01-25,False,completado,34,653,1167
610,2022-10-14,True,confirmado,39,90,167
611,2024-01-15,False,completado,71,1987,1601
612,2023-12-18,True,confirmado,19,157,139
613,2024-01-29,False,pendiente,506,961,1726
614,2024-03-11,True,pendiente,120,1279,74
615,2024-03-12,False,pendiente,340,1818,1655
616,2023-10-10,True,confirmado,672,914,1407
617,2023-02-02,False,completado,423,1685,1726
618,2022-06-21,True,cancelado,365,1782,1437
619,2024-03-20,False,completado,360,597,362
620,2023-09-01,True,completado,139,408,762
621,2022-10-28,False,completado,570,487,326
622,2024-03-30,True,cancelado,806,904,1499
623,2022-09-22,False,pendiente,251,1216,841
624,2023-01-09,True,confirmado,533,1290,748
625,2023-08-04,False,completado,911,1869,134
626,2023-02-23,True,pendiente,99,1639,765
627,2023-01-15,False,completado,684,1495,345
628,2023-09-21,True,confirmado,235,131,240
629,2024-03-12,False,completado,587,1436,226
630,2024-03-07,True,cancelado,376,1963,2026
631,2024-04-13,False,completado,881,855,10
632,2022-11-22,True,confirmado,899,1796,1560
633,2024-06-02,False,pendiente,79,258,106
634,2023-10-08,True,pendiente,548,1253,363
635,2024-03-07,False,completado,451,1713,1840
636,2022-12-31,True,pendiente,821,1140,1610
637,2024-03-08,False,pendiente,89,331,471
638,2023-09-07,True,completado,122,999,1648
639,2022-10-12,False,completado,535,1750,33
640,2024-05-18,True,completado,187,1326,1144
641,2022-11-24,False,pendiente,342,524,11
642,2023-10-29,True,cancelado,630,716,165
643,2022-06-19,False,completado,33,1311,1444
644,2023-03-19,True,pendiente,307,291,96
645,2023-07-01,False,completado,374,204,931
646,2023-03-03,True,completado,370,674,545
647,2023-07-24,False,completado,212,911,1759
648,2024-01-09,True,pendiente,118,1828,1456
649,2022-09-16,False,pendiente,469,1038,653
650,2022-06-25,True,completado,966,981,1000
651,2023-05-03,False,completado,228,1569,1450
652,2023-09-26,True,completado,349,1920,1888
653,2023-08-13,False,completado,113,1540,1866
654,2023-07-06,True,pendiente,396,1283,1240
655,2022-12-18,False,completado,867,1224,771
656,2024-01-28,True,confirmado,548,1235,1617
657,2022-11-13,False,completado,97,1901,1763
658,2024-03-02,True,completado,684,447,1446
659,2024-06-03,False,completado,873,506,2070
660,2022-12-09,True,cancelado,963,1604,350
661,2023-11-01,False,completado,798,1127,493
662,2022-12-23,True,pendiente,769,1591,1068
663,2024-05-09,False,pendiente,630,443,557
664,2023-11-20,True,pendiente,496,1636,1986
665,2023-11-12,False,completado,685,1741,907
666,2023-11-06,True,completado,21,607,33
667,2023-03-15,False,completado,571,1451,310
668,2024-05-17,True,confirmado,189,130,1056
669,2022-12-18,False,completado,989,663,1521
670,2022-11-07,True,completado,745,807,974
671,2023-11-05,False,completado,289,136,624
672,2024-03-14,True,confirmado,579,506,370
673,2023-04-11,False,pendiente,243,584,1761
674,2022-09-13,True,confirmado,246,22,1467
675,2024-04-14,False,completado,234,272,275
676,2024-04-06,True,completado,278,266,1776
677,2022-10-02,False,pendiente,529,1967,819
678,2024-04-18,True,pendiente,485,1013,507
679,2022-07-25,False,completado,68,1188,160
680,2024-01-21,True,confirmado,985,1363,1205
681,2024-03-28,False,completado,758,789,153
682,2024-01-20,True,completado,36,234,329
683,2023-09-03,False,completado,485,1153,753
684,2022-10-30,True,cancelado,306,613,1522
685,2023-06-23,False,pendiente,697,1850,1541
686,2023-10-15,True,cancelado,742,1134,1961
687,2022-11-09,False,completado,714,1750,266
688,2024-05-01,True,cancelado,670,866,506
689,2022-09-29,False,pendiente,607,1955,956
690,2022-06-21,True,pendiente,563,883,501
691,2022-07-26,False,completado,967,1932,170
692,2023-06-19,True,pendiente,91,1400,426
693,2023-12-16,False,completado,606,558,670
694,2023-09-16,True,confirmado,962,1769,1402
695,2023-09-26,False,completado,906,1691,1959
696,2022-06-18,True,confirmado,691,1346,1585
697,2023-02-07,False,completado,658,1434,977
698,2023-07-29,True,completado,602,618,474
699,2022-08-07,False,pendiente,665,1792,59
700,2023-09-17,True,completado,960,607,603
701,2024-04-15,False,pendiente,532,1381,1410
702,2023-07-29,True,confirmado,315,302,2061
703,2023-08-17,False,pendiente,592,496,604
704,2022-12-13,True,confirmado,578,987,349
705,2022-06-17,False,pendiente,338,1253,2063
706,2023-08-05,True,pendiente,111,370,1244
707,2023-03-09,False,completado,237,1355,1858
708,2023-08-30,True,completado,747,1337,471
709,2022-12-11,False,completado,491,1053,1061
710,2024-04-15,True,cancelado,784,111,1087
711,2023-04-24,False,pendiente,176,430,1529
712,2023-01-02,True,completado,304,90,584
713,2023-07-03,False,pendiente,690,135,431
714,2022-12-30,True,completado,60,1094,807
715,2023-11-11,False,pendiente,576,1021,1918
716,2024-02-28,True,pendiente,148,921,845
717,2023-11-05,False,completado,45,657,1693
718,2024-04-25,True,confirmado,27,101,1080
719,2022-11-17,False,pendiente,829,6,1188
720,2023-03-30,True,completado,841,616,1203
721,2023-07-19,False,completado,215,1392,1621
722,2023-11-13,True,cancelado,611,182,1054
723,2022-07-18,False,pendiente,509,1641,1296
724,2022-07-08,True,cancelado,223,991,1025
725,2023-12-09,False,completado,615,1684,1825
726,2022-10-24,True,completado,201,1888,255
727,2022-06-14,False,completado,651,1736,772
728,2022-07-06,True,confirmado,251,1983,48
729,2022-12-18,False,completado,503,1302,1217
730,2023-11-03,True,cancelado,755,1302,1481
731,2023-01-12,False,pendiente,695,2000,1006
732,2024-05-02,True,pendiente,850,1164,1662
733,2024-03-06,False,completado,541,1689,1000
734,2023-06-07,True,pendiente,18,1376,437
735,2023-08-23,False,pendiente,52,1016,1576
736,2023-07-04,True,completado,487,136,1350
737,2023-10-18,False,pendiente,212,155,1739
738,2022-10-09,True,completado,60,1372,447
739,2022-11-06,False,completado,158,1586,552
740,2023-10-04,True,cancelado,152,423,1138
741,2023-03-18,False,pendiente,214,68,1084
742,2023-12-22,True,pendiente,676,1003,1081
743,2022-08-09,False,completado,905,971,1367
744,2024-01-02,True,confirmado,194,570,1972
745,2023-09-11,False,pendiente,165,1194,728
746,2023-10-06,True,cancelado,130,1705,29
747,2023-07-21,False,pendiente,688,330,224
748,2024-06-09,True,cancelado,694,710,78
749,2023-06-17,False,pendiente,794,679,1664
750,2023-02-03,True,pendiente,511,520,1099
751,2022-09-06,False,completado,807,1861,492
752,2022-09-22,True,cancelado,889,576,315
753,2022-11-14,False,pendiente,652,1680,748
754,2023-03-16,True,completado,615,698,1283
755,2023-01-24,False,pendiente,712,1271,1891
756,2023-10-18,True,pendiente,127,487,730
757,2022-06-17,False,completado,201,786,2014
758,2023-12-20,True,cancelado,448,1427,1835
759,2022-10-18,False,pendiente,505,1682,484
760,2023-09-19,True,confirmado,921,596,507
761,2024-01-03,False,completado,273,450,8
762,2023-09-27,True,cancelado,118,1780,1334
763,2023-05-15,False,pendiente,741,310,1126
764,2023-08-11,True,confirmado,139,1059,1229
765,2022-07-23,False,completado,200,1656,1150
766,2022-06-22,True,confirmado,837,1260,24
767,2022-08-04,False,completado,351,697,959
768,2024-02-09,True,completado,936,69,1750
769,2024-03-17,False,pendiente,256,179,1933
770,2022-07-06,True,completado,865,172,1976
771,2023-02-19,False,pendiente,918,830,1852
772,2024-01-17,True,confirmado,757,492,242
773,2023-03-12,False,pendiente,912,1198,510
774,2023-06-21,True,confirmado,978,1827,1788
775,2023-08-07,False,completado,881,1102,1606
776,2023-04-25,True,confirmado,56,144,1708
777,2023-06-09,False,pendiente,941,1524,1088
778,2024-01-08,True,cancelado,419,1080,1258
779,2024-02-16,False,pendiente,698,1538,1924
780,2023-01-31,True,confirmado,753,270,663
781,2022-12-20,False,completado,328,1992,27
782,2023-03-26,True,cancelado,872,1794,689
783,2022-10-03,False,pendiente,346,1363,1563
784,2023-10-15,True,confirmado,613,1815,708
785,2023-04-19,False,pendiente,519,1732,1485
786,2022-07-09,True,pendiente,348,673,1155
787,2023-01-09,False,pendiente,31,5,795
788,2023-06-13,True,pendiente,171,1257,611
789,2023-12-31,False,pendiente,7,1341,642
790,2022-08-28,True,confirmado,262,41,1466
791,2022-07-19,False,completado,193,38,1966
792,2023-11-13,True,confirmado,184,1565,1370
793,2023-03-17,False,completado,216,1462,1155
794,2023-05-01,True,pendiente,710,1579,2075
795,2022-11-08,False,completado,670,105,357
796,2023-07-24,True,cancelado,192,121,1705
797,2022-10-14,False,completado,322,722,304
798,2023-06-21,True,cancelado,265,1152,1943
799,2022-06-23,False,pendiente,889,325,892
800,2022-12-16,True,cancelado,243,577,382
801,2023-04-05,False,completado,929,476,1008
802,2022-11-01,True,cancelado,632,1623,1441
803,2022-10-18,False,completado,809,1413,1894
804,2023-04-09,True,cancelado,266,993,817
805,2023-02-14,False,pendiente,757,1824,1329
806,2024-05-28,True,pendiente,910,1931,2033
807,2024-01-20,False,pendiente,410,173,1939
808,2022-10-22,True,completado,13,535,1284
809,2024-05-04,False,completado,99,1195,1784
810,2022-10-22,True,confirmado,797,766,242
811,2022-09-16,False,completado,627,1136,192
812,2023-05-09,True,completado,796,990,1522
813,2022-07-19,False,pendiente,826,1543,442
814,2023-06-24,True,pendiente,951,67,320
815,2024-02-27,False,completado,682,954,1964
816,2024-02-07,True,cancelado,661,1520,1116
817,2022-08-24,False,completado,922,211,1405
818,2023-09-22,True,confirmado,946,1963,2011
819,2024-01-01,False,pendiente,12,1615,1221
820,2023-11-04,True,completado,110,1003,1122
821,2023-06-29,False,pendiente,125,1865,1507
822,2022-07-25,True,pendiente,220,390,1141
823,2024-02-12,False,pendiente,868,377,2025
824,2022-07-22,True,completado,238,633,669
825,2023-08-10,False,completado,421,1956,1424
826,2023-09-30,True,cancelado,531,1215,2097
827,2023-04-18,False,pendiente,279,158,1502
828,2024-02-10,True,pendiente,411,1385,1467
829,2023-08-04,False,completado,954,297,297
830,2023-03-01,True,completado,145,71,273
831,2023-02-06,False,completado,184,1141,1572
832,2024-02-24,True,pendiente,838,993,1185
833,2022-08-06,False,pendiente,877,1965,584
834,2024-06-01,True,cancelado,325,1791,1282
835,2023-06-04,False,completado,438,938,1161
836,2023-03-10,True,completado,140,1453,850
837,2023-07-15,False,completado,204,1960,433
838,2024-05-05,True,completado,73,1828,1080
839,2024-05-09,False,pendiente,693,884,133
840,2023-07-13,True,confirmado,753,476,293
841,2022-10-13,False,pendiente,779,1772,1199
842,2023-06-17,True,confirmado,127,1350,1700
843,2023-12-17,False,pendiente,83,1527,1761
844,2023-04-24,True,pendiente,640,1379,579
845,2023-02-04,False,completado,694,1927,1983
846,2023-07-23,True,pendiente,665,259,238
847,2023-02-14,False,pendiente,775,985,1493
848,2023-03-02,True,confirmado,471,339,24
849,2023-10-12,False,completado,978,5,188
850,2022-06-26,True,completado,658,1698,1908
851,2024-02-21,False,completado,816,587,461
852,2023-09-23,True,completado,821,349,950
853,2023-05-08,False,completado,807,1297,1663
854,2023-12-04,True,cancelado,462,553,1538
855,2023-03-04,False,completado,594,1306,1491
856,2023-07-27,True,completado,81,722,443
857,2022-11-07,False,pendiente,584,913,1191
858,2022-09-23,True,confirmado,512,1545,492
859,2023-01-24,False,pendiente,956,884,1396
860,2024-04-08,True,pendiente,701,1054,502
861,2023-09-22,False,pendiente,942,1843,909
862,2022-10-09,True,completado,583,33,590
863,2023-02-04,False,pendiente,263,1393,922
864,2023-09-01,True,pendiente,282,682,674
865,2023-01-15,False,pendiente,812,746,499
866,2024-02-15,True,pendiente,446,375,504
867,2024-02-01,False,completado,153,965,1706
868,2023-03-12,True,completado,696,187,1635
869,2023-05-28,False,completado,968,387,1705
870,2023-01-26,True,cancelado,737,917,404
871,2022-11-06,False,completado,731,132,1672
872,2022-12-09,True,confirmado,873,897,1736
873,2024-04-06,False,completado,774,1924,1796
874,2023-01-05,True,cancelado,292,115,2094
875,2023-01-07,False,pendiente,174,95,1119
876,2023-05-29,True,pendiente,463,15,1976
877,2023-08-16,False,pendiente,315,785,1052
878,2022-08-18,True,cancelado,721,583,125
879,2023-12-25,False,pendiente,983,326,1701
880,2023-12-24,True,completado,148,1068,1354
881,2023-10-27,False,completado,261,407,1835
882,2023-05-04,True,cancelado,883,1757,636
883,2023-07-21,False,pendiente,29,820,456
884,2022-10-21,True,pendiente,883,1631,1573
885,2022-08-09,False,pendiente,385,69,205
886,2023-12-11,True,pendiente,280,939,751
887,2024-04-23,False,pendiente,872,402,700
888,2023-02-23,True,completado,536,1466,65
889,2023-06-06,False,pendiente,62,1854,1729
890,2023-12-14,True,completado,728,1230,701
891,2022-07-12,False,pendiente,706,1251,2099
892,2022-09-13,True,completado,439,1071,1751
893,2022-07-01,False,pendiente,117,1673,351
894,2022-12-12,True,completado,641,1955,504
895,2023-10-31,False,pendiente,979,1517,1726
896,2023-09-09,True,pendiente,179,1714,1399
897,2024-01-19,False,completado,871,1553,1214
898,2023-03-29,True,confirmado,568,247,616
899,2023-08-27,False,completado,381,954,927
900,2022-08-17,True,confirmado,584,936,1676
901,2022-12-18,False,pendiente,671,1474,962
902,2023-04-17,True,pendiente,367,1853,1034
903,2022-07-13,False,completado,22,121,1657
904,2023-06-29,True,completado,133,113,241
905,2024-02-02,False,pendiente,412,1140,1987
906,2022-12-19,True,completado,243,696,1164
907,2024-04-06,False,pendiente,68,1183,1365
908,2023-04-28,True,confirmado,756,636,1764
909,2023-01-10,False,pendiente,37,1693,65
910,2023-08-18,True,pendiente,385,399,860
911,2023-11-25,False,completado,444,1914,315
912,2023-06-08,True,cancelado,873,1671,1473
913,2024-03-12,False,completado,675,973,895
914,2022-08-27,True,confirmado,680,1139,77
915,2022-09-01,False,completado,996,634,1812
916,2022-07-22,True,completado,545,1963,1067
917,2023-08-29,False,completado,300,190,189
918,2023-07-23,True,cancelado,65,3,432
919,2024-03-01,False,completado,119,1131,1413
920,2023-11-03,True,completado,473,80,1096
921,2023-05-04,False,pendiente,404,298,1311
922,2022-08-10,True,confirmado,754,986,1915
923,2024-05-24,False,pendiente,697,735,2069
924,2023-05-06,True,cancelado,561,844,531
925,2022-09-05,False,pendiente,583,344,266
926,2022-07-12,True,pendiente,575,236,1822
927,2023-08-30,False,completado,308,708,477
928,2022-10-05,True,pendiente,8,880,2056
929,2023-08-17,False,completado,412,1125,1454
930,2024-04-05,True,confirmado,303,118,1323
931,2022-12-28,False,pendiente,535,977,315
932,2024-05-24,True,confirmado,485,1224,182
933,2023-01-29,False,pendiente,23,1415,1802
934,2022-07-25,True,pendiente,511,867,1836
935,2022-09-03,False,pendiente,373,1173,1527
936,2022-12-22,True,cancelado,369,439,1267
937,2023-05-09,False,pendiente,97,15,1260
938,2022-08-27,True,cancelado,29,604,125
939,2023-08-19,False,pendiente,135,1199,385
940,2023-05-02,True,completado,939,1300,274
941,2023-10-21,False,pendiente,555,1067,1116
942,2023-07-19,True,confirmado,74,445,1549
943,2022-10-07,False,completado,678,1246,34
944,2024-03-18,True,completado,370,1661,1440
945,2023-01-06,False,completado,976,868,523
946,2022-06-29,True,confirmado,375,1893,911
947,2022-07-11,False,pendiente,912,1473,1412
948,2022-10-27,True,completado,366,1188,560
949,2024-02-17,False,completado,794,1438,182
950,2023-03-08,True,cancelado,986,1011,1626
951,2022-12-23,False,completado,605,758,752
952,2023-06-10,True,confirmado,882,189,1604
953,2023-10-27,False,completado,115,820,1936
954,2022-06-30,True,pendiente,694,1486,690
955,2022-10-26,False,completado,590,940,379
956,2023-06-13,True,completado,321,180,1428
957,2022-07-18,False,completado,882,991,1002
958,2022-11-08,True,pendiente,898,1573,327
959,2024-01-16,False,completado,522,434,1327
960,2023-08-01,True,confirmado,829,275,872
961,2024-03-15,False,pendiente,514,1732,1122
962,2022-07-04,True,pendiente,311,694,591
963,2022-12-08,False,pendiente,290,308,12
964,2022-11-27,True,confirmado,731,710,836
965,2024-05-13,False,pendiente,246,654,759
966,2024-03-13,True,pendiente,293,1971,644
967,2023-03-01,False,pendiente,93,1470,166
968,2024-02-09,True,pendiente,699,1542,332
969,2024-03-24,False,pendiente,425,1403,277
970,2024-02-05,True,completado,9,627,683
971,2022-07-05,False,completado,491,1527,1117
972,2023-08-11,True,completado,29,1759,1795
973,2023-08-24,False,completado,196,958,749
974,2022-08-31,True,cancelado,716,225,1374
975,2022-12-26,False,pendiente,592,512,2026
976,2023-11-19,True,cancelado,580,1107,223
977,2022-10-12,False,completado,891,1632,350
978,2023-10-24,True,pendiente,354,1626,370
979,2023-11-07,False,pendiente,686,882,1627
980,2022-08-27,True,confirmado,78,1736,607
981,2023-03-25,False,completado,88,1699,75
982,2023-10-15,True,completado,445,34,1660
983,2024-02-13,False,pendiente,363,1053,1128
984,2022-07-05,True,pendiente,162,650,451
985,2023-06-20,False,completado,922,1235,1509
986,2023-05-28,True,cancelado,735,1771,1039
987,2023-01-05,False,completado,80,939,892
988,2023-02-06,True,cancelado,253,375,1978
989,2023-05-16,False,completado,192,1508,1627
990,2024-05-08,True,completado,844,1690,1035
991,2023-12-25,False,pendiente,907,1615,235
992,2023-02-28,True,cancelado,181,1331,1768
993,2022-07-14,False,completado,631,1748,1087
994,2022-10-05,True,cancelado,95,244,921
995,2023-04-23,False,pendiente,10,1149,1940
996,2023-01-15,True,cancelado,333,1690,1111
997,2022-10-25,False,pendiente,407,1686,2069
998,2024-03-07,True,completado,622,1237,1983
999,2023-08-06,False,completado,697,121,772
1000,2023-09-25,True,confirmado,409,1849,2071
1001,2023-04-12,False,pendiente,812,1889,1314
1002,2022-12-16,True,cancelado,879,1030,1339
1003,2022-10-16,False,pendiente,209,578,1590
1004,2023-10-03,True,confirmado,581,667,1140
1005,2023-04-30,False,pendiente,401,706,158
1006,2023-04-23,True,cancelado,361,850,1418
1007,2022-09-22,False,pendiente,16,846,231
1008,2024-05-18,True,pendiente,475,920,529
1009,2024-05-02,False,completado,736,1691,272
1010,2023-08-01,True,confirmado,734,1018,1451
1011,2023-05-31,False,pendiente,59,1474,248
1012,2022-10-05,True,confirmado,249,372,882
1013,2023-10-03,False,pendiente,964,1325,2090
1014,2024-02-21,True,completado,753,874,948
1015,2022-07-21,False,pendiente,73,1410,1661
1016,2023-10-05,True,completado,567,457,1989
1017,2024-01-12,False,completado,329,1599,258
1018,2022-06-21,True,cancelado,62,153,983
1019,2022-09-10,False,pendiente,285,1812,1231
1020,2022-06-25,True,confirmado,906,1802,917
1021,2023-11-20,False,pendiente,915,1570,984
1022,2023-09-05,True,confirmado,953,1260,56
1023,2023-10-16,False,pendiente,776,1534,1614
1024,2022-07-09,True,pendiente,499,1089,1079
1025,2023-06-28,False,completado,406,816,1448
1026,2023-10-29,True,cancelado,579,474,886
1027,2022-08-10,False,pendiente,402,926,1970
1028,2023-11-01,True,pendiente,227,1348,261
1029,2024-03-04,False,completado,292,1555,1642
1030,2023-07-07,True,cancelado,33,970,548
1031,2024-01-23,False,pendiente,487,1282,852
1032,2023-08-20,True,cancelado,149,157,143
1033,2023-03-06,False,pendiente,112,107,1810
1034,2023-05-03,True,completado,233,945,1634
1035,2022-08-07,False,completado,22,1256,1671
1036,2022-10-22,True,cancelado,356,907,1340
1037,2024-05-24,False,pendiente,883,947,272
1038,2024-05-08,True,pendiente,256,719,1069
1039,2022-08-31,False,pendiente,978,1796,1514
1040,2023-02-05,True,confirmado,768,833,1390
1041,2023-05-25,False,pendiente,504,459,557
1042,2024-06-04,True,confirmado,600,353,1040
1043,2023-07-23,False,completado,519,1531,781
1044,2024-03-07,True,pendiente,738,938,1156
1045,2024-04-05,False,pendiente,743,589,1368
1046,2024-04-04,True,pendiente,721,663,1127
1047,2023-08-11,False,completado,656,1224,908
1048,2023-01-22,True,confirmado,125,1978,1190
1049,2023-01-01,False,completado,18,204,1341
1050,2022-06-15,True,completado,455,19,98
1051,2022-08-31,False,completado,217,823,30
1052,2023-09-25,True,pendiente,170,329,796
1053,2022-12-20,False,pendiente,451,339,1297
1054,2023-08-24,True,completado,2,1597,536
1055,2023-09-21,False,completado,583,1420,833
1056,2023-04-25,True,completado,444,898,1189
1057,2024-03-04,False,completado,309,1272,1337
1058,2024-01-09,True,confirmado,368,498,472
1059,2022-06-29,False,completado,913,1536,1280
1060,2023-01-25,True,confirmado,392,1016,1791
1061,2023-12-11,False,pendiente,936,788,934
1062,2023-11-18,True,pendiente,198,1462,1719
1063,2024-05-12,False,pendiente,40,1538,157
1064,2022-10-21,True,cancelado,933,409,1269
1065,2023-07-26,False,pendiente,18,1250,924
1066,2023-02-20,True,pendiente,152,995,1863
1067,2023-01-19,False,pendiente,431,1884,1737
1068,2024-06-03,True,pendiente,404,1617,1051
1069,2023-05-26,False,completado,95,1698,380
1070,2022-11-26,True,confirmado,758,390,304
1071,2024-05-09,False,completado,722,1748,2049
1072,2023-05-31,True,confirmado,78,537,1153
1073,2024-01-28,False,completado,124,966,1291
1074,2023-12-06,True,cancelado,408,1327,150
1075,2024-05-06,False,completado,219,237,686
1076,2023-06-01,True,pendiente,946,566,243
1077,2023-02-14,False,pendiente,412,1520,350
1078,2024-05-10,True,completado,463,1897,2085
1079,2022-12-25,False,completado,419,261,1913
1080,2024-03-16,True,completado,363,543,646
1081,2022-08-23,False,completado,502,665,862
1082,2024-01-08,True,cancelado,844,260,125
1083,2024-02-04,False,completado,125,383,2048
1084,2023-03-22,True,cancelado,94,1705,1573
1085,2022-11-28,False,pendiente,148,444,1693
1086,2022-10-15,True,completado,104,1949,496
1087,2024-03-25,False,completado,786,1330,547
1088,2024-04-08,True,pendiente,393,890,1103
1089,2022-06-27,False,pendiente,983,1322,72
1090,2023-06-09,True,completado,622,1076,1999
1091,2023-02-17,False,pendiente,469,752,1816
1092,2023-03-09,True,confirmado,875,1493,1574
1093,2023-03-08,False,completado,540,1002,48
1094,2023-12-31,True,pendiente,87,1025,206
1095,2022-06-13,False,pendiente,599,1227,1820
1096,2023-03-22,True,pendiente,962,108,1965
1097,2023-07-20,False,completado,832,10,1667
1098,2023-03-24,True,pendiente,925,355,1674
1099,2024-06-01,False,pendiente,413,1030,389
1100,2024-05-20,True,pendiente,798,1889,193
1101,2022-08-27,False,completado,670,948,1052
1102,2022-06-30,True,cancelado,112,1223,78
1103,2022-06-17,False,completado,463,1029,295
1104,2023-10-23,True,pendiente,795,1647,439
1105,2023-04-24,False,completado,719,40,1479
1106,2023-02-16,True,pendiente,796,668,485
1107,2022-07-15,False,pendiente,367,331,1961
1108,2024-03-29,True,completado,480,1460,833
1109,2023-09-11,False,pendiente,262,1440,286
1110,2024-04-03,True,cancelado,343,347,1233
1111,2022-06-23,False,completado,234,655,1751
1112,2023-07-04,True,completado,667,1430,438
1113,2024-04-06,False,completado,909,934,361
1114,2024-04-14,True,cancelado,55,115,1766
1115,2024-05-30,False,pendiente,598,593,1222
1116,2022-09-30,True,pendiente,855,1408,882
1117,2022-09-23,False,pendiente,606,1090,946
1118,2022-10-24,True,pendiente,108,1878,1754
1119,2023-05-09,False,completado,386,56,1367
1120,2022-11-27,True,cancelado,286,333,1928
1121,2023-04-10,False,completado,807,797,2067
1122,2022-08-09,True,cancelado,186,229,937
1123,2023-02-27,False,completado,304,1640,706
1124,2023-11-17,True,confirmado,327,1858,1930
1125,2023-12-12,False,pendiente,16,1273,2067
1126,2023-10-14,True,cancelado,360,543,1798
1127,2023-06-07,False,completado,499,102,280
1128,2023-03-17,True,confirmado,557,1476,1943
1129,2022-10-26,False,completado,317,1734,2032
1130,2023-06-03,True,pendiente,259,1023,1586
1131,2023-05-27,False,completado,520,10,1293
1132,2024-06-10,True,cancelado,972,1412,969
1133,2024-01-16,False,pendiente,346,1255,27
1134,2024-02-08,True,pendiente,814,1715,461
1135,2022-08-21,False,completado,401,128,1843
1136,2023-09-25,True,cancelado,49,1332,1302
1137,2022-06-21,False,pendiente,87,524,1518
1138,2024-03-27,True,pendiente,309,1895,1356
1139,2024-04-25,False,completado,368,1727,983
1140,2023-05-07,True,completado,237,883,182
1141,2023-03-07,False,completado,381,641,250
1142,2022-07-11,True,cancelado,201,1226,1688
1143,2024-04-29,False,completado,466,473,1570
1144,2022-07-01,True,confirmado,900,1448,976
1145,2023-09-04,False,completado,975,1695,1156
1146,2024-03-12,True,pendiente,224,702,1717
1147,2023-07-11,False,completado,249,1821,150
1148,2022-07-15,True,cancelado,632,956,452
1149,2023-03-13,False,pendiente,228,1365,1873
1150,2024-04-22,True,cancelado,386,1359,1714
1151,2023-09-16,False,pendiente,366,1525,1147
1152,2023-09-11,True,cancelado,24,1676,196
1153,2022-10-02,False,pendiente,490,476,1455
1154,2023-08-20,True,pendiente,745,897,745
1155,2022-09-20,False,completado,329,1547,2075
1156,2023-11-05,True,confirmado,10,567,1322
1157,2023-08-24,False,completado,428,98,565
1158,2023-03-04,True,pendiente,247,781,5
1159,2022-09-16,False,completado,9,538,1505
1160,2023-08-29,True,confirmado,191,213,26
1161,2023-09-08,False,completado,5,1561,1135
1162,2024-06-01,True,cancelado,675,145,1542
1163,2023-09-05,False,pendiente,127,746,648
1164,2022-09-12,True,pendiente,279,1037,1611
1165,2024-05-08,False,pendiente,869,1466,1762
1166,2023-12-15,True,pendiente,204,1417,1666
1167,2023-06-21,False,completado,227,498,1010
1168,2023-11-23,True,confirmado,808,924,2050
1169,2022-12-13,False,completado,947,1522,430
1170,2024-01-27,True,cancelado,957,1348,149
1171,2024-04-30,False,completado,903,911,753
1172,2022-08-29,True,cancelado,20,899,395
1173,2024-02-27,False,pendiente,666,682,947
1174,2024-04-10,True,pendiente,4,1928,1621
1175,2023-11-24,False,completado,752,1350,1082
1176,2023-04-28,True,pendiente,921,351,1729
1177,2024-02-29,False,completado,458,1573,1543
1178,2023-06-06,True,pendiente,121,980,1124
1179,2022-12-14,False,completado,498,408,1226
1180,2022-09-14,True,completado,613,307,283
1181,2023-07-14,False,pendiente,103,433,365
1182,2023-06-02,True,pendiente,54,549,1582
1183,2022-08-27,False,completado,747,1486,1195
1184,2023-09-17,True,completado,155,1747,1031
1185,2023-04-22,False,pendiente,383,1225,1228
1186,2024-04-21,True,confirmado,1000,76,313
1187,2023-07-31,False,completado,916,312,1534
1188,2022-08-18,True,confirmado,44,821,345
1189,2023-02-14,False,completado,163,140,2001
1190,2023-02-24,True,cancelado,114,615,2056
1191,2023-10-02,False,completado,307,435,181
1192,2024-01-26,True,confirmado,271,200,1060
1193,2024-02-16,False,pendiente,629,704,1888
1194,2022-07-03,True,completado,742,602,161
1195,2022-09-13,False,pendiente,561,1119,1263
1196,2023-01-15,True,cancelado,3,784,391
1197,2023-01-07,False,completado,902,891,862
1198,2023-03-31,True,completado,151,999,1351
1199,2024-01-08,False,pendiente,983,600,993
1200,2023-07-03,True,confirmado,133,1650,2098
1201,2024-01-05,False,pendiente,293,1552,1482
1202,2024-01-10,True,confirmado,529,1344,2098
1203,2023-10-25,False,completado,114,990,1392
1204,2023-02-02,True,pendiente,764,533,228
1205,2022-08-31,False,completado,491,106,1538
1206,2022-07-31,True,cancelado,225,1320,1308
1207,2022-10-12,False,pendiente,702,111,489
1208,2024-06-05,True,confirmado,332,525,566
1209,2024-03-10,False,completado,418,683,1292
1210,2023-10-14,True,pendiente,324,653,352
1211,2022-12-26,False,pendiente,844,829,1487
1212,2022-07-16,True,pendiente,419,818,313
1213,2024-04-10,False,pendiente,690,940,1802
1214,2022-08-30,True,confirmado,143,1216,599
1215,2023-01-17,False,pendiente,63,1527,1073
1216,2022-12-24,True,pendiente,977,1354,1453
1217,2022-10-25,False,pendiente,845,1791,1335
1218,2024-05-12,True,cancelado,870,1802,284
1219,2023-01-15,False,pendiente,970,1250,943
1220,2023-06-26,True,completado,116,249,341
1221,2022-08-13,False,pendiente,972,1426,1762
1222,2023-04-15,True,cancelado,120,1153,768
1223,2022-12-29,False,completado,448,601,1912
1224,2022-11-29,True,confirmado,54,1154,1862
1225,2023-10-12,False,pendiente,333,694,822
1226,2022-09-30,True,confirmado,23,497,1146
1227,2023-10-04,False,completado,364,613,1286
1228,2024-04-04,True,cancelado,246,1279,605
1229,2023-02-09,False,pendiente,88,267,451
1230,2022-10-04,True,cancelado,387,1441,553
1231,2023-12-03,False,pendiente,368,1886,1340
1232,2022-11-03,True,cancelado,848,799,1286
1233,2023-10-24,False,pendiente,535,1871,2036
1234,2024-06-02,True,pendiente,262,870,37
1235,2022-12-13,False,completado,937,244,1723
1236,2022-06-16,True,cancelado,819,1357,2021
1237,2023-02-24,False,completado,584,559,1851
1238,2022-08-27,True,confirmado,604,1800,779
1239,2024-04-20,False,completado,649,1340,2088
1240,2023-03-25,True,completado,626,400,824
1241,2023-01-22,False,completado,152,1014,818
1242,2023-12-23,True,cancelado,968,942,2042
1243,2023-08-09,False,completado,663,93,265
1244,2023-10-12,True,cancelado,410,865,90
1245,2023-11-29,False,pendiente,739,1871,371
1246,2024-03-05,True,pendiente,181,898,1121
1247,2023-11-13,False,completado,443,159,701
1248,2022-10-19,True,completado,540,984,1836
1249,2023-06-06,False,completado,526,952,902
1250,2024-02-06,True,confirmado,588,1465,1903
1251,2023-02-08,False,pendiente,196,1712,23
1252,2023-05-04,True,pendiente,838,878,1451
1253,2024-01-24,False,completado,910,293,636
1254,2022-11-07,True,cancelado,176,1895,994
1255,2024-03-30,False,completado,743,428,1377
1256,2023-01-25,True,completado,949,867,940
1257,2022-12-29,False,completado,694,493,638
1258,2023-12-11,True,cancelado,337,1523,197
1259,2023-04-26,False,completado,887,733,1533
1260,2022-08-03,True,confirmado,883,1058,1824
1261,2023-12-26,False,completado,1,960,303
1262,2022-07-16,True,cancelado,203,363,1214
1263,2024-03-24,False,completado,824,424,487
1264,2023-09-27,True,pendiente,525,61,419
1265,2023-07-02,False,pendiente,869,1262,617
1266,2024-03-26,True,confirmado,496,707,2054
1267,2022-11-04,False,pendiente,771,805,2049
1268,2024-04-08,True,pendiente,526,1455,1855
1269,2024-01-25,False,completado,332,1707,1131
1270,2023-01-01,True,pendiente,679,979,568
1271,2024-02-28,False,completado,762,1765,1460
1272,2024-05-18,True,cancelado,247,649,67
1273,2022-06-30,False,pendiente,730,1998,1452
1274,2024-04-27,True,pendiente,102,687,236
1275,2022-08-01,False,pendiente,656,1953,575
1276,2024-04-10,True,cancelado,278,1747,238
1277,2022-10-09,False,completado,885,1997,1671
1278,2023-01-17,True,pendiente,932,949,247
1279,2023-04-03,False,pendiente,208,1783,1762
1280,2023-09-30,True,cancelado,483,930,1290
1281,2022-06-28,False,pendiente,468,32,1964
1282,2022-12-19,True,confirmado,879,212,1781
1283,2024-01-05,False,completado,283,1450,770
1284,2023-03-11,True,completado,330,1313,608
1285,2024-05-12,False,completado,918,193,328
1286,2023-11-09,True,confirmado,147,710,472
1287,2023-11-21,False,completado,208,1244,1978
1288,2022-11-26,True,completado,522,215,502
1289,2023-06-22,False,pendiente,9,1305,1493
1290,2023-07-27,True,confirmado,362,726,1421
1291,2022-11-17,False,pendiente,235,1845,944
1292,2024-03-24,True,completado,272,1730,1216
1293,2023-05-15,False,completado,298,1219,1715
1294,2023-10-22,True,cancelado,444,1210,328
1295,2022-07-10,False,pendiente,400,1647,654
1296,2022-08-19,True,confirmado,603,559,1614
1297,2024-05-10,False,completado,1000,960,499
1298,2023-01-11,True,confirmado,219,1969,1051
1299,2023-03-18,False,completado,10,1247,221
1300,2022-07-05,True,confirmado,671,680,1749
1301,2022-10-04,False,completado,546,1064,565
1302,2023-10-07,True,completado,891,1623,2004
1303,2024-06-12,False,completado,466,366,1047
1304,2023-08-27,True,completado,87,1865,1680
1305,2022-07-28,False,completado,506,237,297
1306,2023-07-01,True,confirmado,629,573,1485
1307,2023-03-14,False,completado,782,136,883
1308,2023-12-06,True,confirmado,922,566,566
1309,2023-02-27,False,pendiente,831,1404,1058
1310,2022-09-15,True,confirmado,200,1917,229
1311,2022-06-18,False,completado,684,741,244
1312,2024-03-01,True,completado,622,1574,1344
1313,2022-11-08,False,completado,662,1238,1988
1314,2024-03-07,True,pendiente,274,1748,2067
1315,2023-05-19,False,completado,566,1935,1398
1316,2023-07-13,True,cancelado,497,1993,1705
1317,2022-12-09,False,pendiente,462,1857,2058
1318,2023-12-15,True,pendiente,455,43,756
1319,2022-08-22,False,pendiente,381,1771,973
1320,2023-08-03,True,completado,186,1018,1516
1321,2023-12-29,False,pendiente,362,1971,1143
1322,2024-01-28,True,completado,964,525,224
1323,2023-04-23,False,completado,904,949,2
1324,2022-07-05,True,cancelado,212,1186,182
1325,2023-04-23,False,pendiente,555,105,913
1326,2023-07-01,True,confirmado,791,1215,878
1327,2022-07-29,False,pendiente,201,80,1822
1328,2023-10-10,True,pendiente,117,1225,825
1329,2022-11-10,False,completado,635,1115,716
1330,2024-03-09,True,completado,603,56,354
1331,2023-06-07,False,completado,510,1335,1911
1332,2024-05-04,True,pendiente,786,1708,1396
1333,2024-05-05,False,completado,670,261,398
1334,2022-08-28,True,confirmado,191,1834,75
1335,2023-06-12,False,completado,629,1384,320
1336,2022-08-12,True,pendiente,258,1844,1624
1337,2023-03-19,False,pendiente,943,282,604
1338,2023-08-27,True,completado,276,929,1448
1339,2023-10-12,False,completado,899,825,1294
1340,2023-07-07,True,pendiente,928,451,2056
1341,2023-09-09,False,completado,80,738,461
1342,2023-01-20,True,confirmado,857,1359,372
1343,2024-04-22,False,completado,273,1337,866
1344,2024-03-27,True,confirmado,585,650,770
1345,2024-01-23,False,pendiente,799,382,1357
1346,2022-07-08,True,pendiente,704,826,149
1347,2023-03-22,False,completado,877,1943,340
1348,2023-10-29,True,pendiente,370,1626,697
1349,2023-03-25,False,completado,321,130,747
1350,2023-02-02,True,cancelado,678,929,963
1351,2024-06-12,False,completado,841,822,411
1352,2024-04-22,True,completado,797,1520,1368
1353,2023-03-21,False,pendiente,147,524,1254
1354,2023-09-05,True,confirmado,364,578,1769
1355,2024-03-30,False,pendiente,757,859,1625
1356,2024-05-29,True,completado,601,329,1398
1357,2023-09-04,False,pendiente,688,1110,1558
1358,2024-03-22,True,confirmado,567,1624,956
1359,2022-06-24,False,completado,663,817,574
1360,2023-12-29,True,pendiente,515,1595,1578
1361,2022-09-14,False,completado,912,639,1751
1362,2023-05-16,True,cancelado,255,1127,634
1363,2024-01-01,False,completado,951,1129,317
1364,2024-05-11,True,cancelado,553,27,683
1365,2023-02-07,False,completado,773,1510,314
1366,2023-02-05,True,completado,844,1755,2027
1367,2022-08-03,False,pendiente,761,751,1076
1368,2023-11-06,True,cancelado,814,1241,1119
1369,2022-10-27,False,completado,207,1136,1828
1370,2023-04-26,True,pendiente,120,1710,282
1371,2024-02-09,False,completado,223,478,1913
1372,2023-04-12,True,cancelado,138,752,878
1373,2023-01-31,False,completado,559,1370,938
1374,2022-10-13,True,cancelado,283,572,1216
1375,2023-07-19,False,completado,415,856,52
1376,2023-03-15,True,confirmado,936,1037,373
1377,2023-05-01,False,pendiente,499,593,430
1378,2022-09-13,True,pendiente,253,447,1263
1379,2023-05-19,False,pendiente,297,735,1469
1380,2023-05-27,True,cancelado,314,1152,17
1381,2022-08-13,False,completado,526,472,532
1382,2024-03-26,True,pendiente,350,1926,188
1383,2023-05-24,False,completado,359,231,2078
1384,2022-07-15,True,pendiente,932,1595,73
1385,2023-06-16,False,pendiente,230,24,785
1386,2022-07-10,True,completado,962,650,223
1387,2023-01-07,False,pendiente,349,1206,2010
1388,2023-04-19,True,cancelado,715,323,1717
1389,2022-10-04,False,pendiente,492,861,842
1390,2023-02-11,True,confirmado,509,801,478
1391,2024-06-10,False,pendiente,15,1099,1304
1392,2023-04-23,True,cancelado,817,1243,1566
1393,2022-08-04,False,pendiente,661,1409,874
1394,2023-09-30,True,confirmado,432,1130,984
1395,2022-08-10,False,pendiente,738,1184,811
1396,2023-05-03,True,pendiente,57,1412,1336
1397,2022-08-16,False,pendiente,99,1449,2
1398,2023-03-07,True,cancelado,590,1455,572
1399,2024-06-07,False,pendiente,660,1353,911
1400,2023-04-02,True,confirmado,390,781,1299
1401,2022-10-28,False,pendiente,695,1696,1288
1402,2023-11-15,True,confirmado,924,801,899
1403,2023-02-20,False,pendiente,49,1292,1587
1404,2023-04-23,True,cancelado,342,393,380
1405,2023-05-29,False,completado,33,1319,1931
1406,2023-02-02,True,pendiente,366,1486,720
1407,2022-11-10,False,pendiente,469,742,552
1408,2023-05-17,True,completado,560,1883,1633
1409,2023-03-31,False,completado,395,585,260
1410,2022-07-27,True,pendiente,204,358,1126
1411,2024-01-12,False,pendiente,997,695,1201
1412,2024-04-13,True,pendiente,789,559,1371
1413,2023-07-13,False,pendiente,777,1398,1492
1414,2022-06-14,True,completado,804,649,870
1415,2023-09-30,False,completado,801,595,616
1416,2022-10-31,True,pendiente,852,382,658
1417,2023-04-24,False,pendiente,863,1759,1366
1418,2022-11-06,True,completado,911,1971,577
1419,2023-05-22,False,pendiente,900,1972,1210
1420,2023-02-10,True,completado,809,402,1024
1421,2023-10-12,False,completado,50,128,1222
1422,2023-05-08,True,confirmado,826,775,438
1423,2023-08-14,False,completado,946,1841,467
1424,2023-04-24,True,confirmado,689,996,962
1425,2023-04-21,False,completado,931,1059,1438
1426,2023-07-26,True,cancelado,90,164,984
1427,2022-08-06,False,completado,202,862,896
1428,2023-09-24,True,cancelado,290,1115,611
1429,2024-01-06,False,completado,95,841,1183
1430,2022-08-22,True,cancelado,392,1540,783
1431,2022-08-17,False,completado,902,833,1812
1432,2022-07-16,True,pendiente,522,1065,1448
1433,2023-07-14,False,completado,992,76,1106
1434,2024-03-02,True,pendiente,916,68,468
1435,2023-12-14,False,pendiente,596,968,969
1436,2023-02-20,True,confirmado,919,1669,1714
1437,2023-01-03,False,pendiente,118,1302,1905
1438,2023-10-22,True,pendiente,169,614,424
1439,2023-02-13,False,pendiente,244,540,1787
1440,2023-11-09,True,pendiente,195,1262,1228
1441,2023-04-24,False,completado,384,1936,660
1442,2023-02-12,True,completado,921,40,1555
1443,2023-10-08,False,completado,914,1171,311
1444,2022-07-01,True,confirmado,707,1056,104
1445,2024-01-31,False,pendiente,113,1450,691
1446,2023-05-04,True,pendiente,454,1857,2056
1447,2024-04-21,False,completado,551,80,64
1448,2024-03-02,True,pendiente,18,1791,826
1449,2022-10-10,False,completado,747,1136,182
1450,2023-12-14,True,pendiente,745,1765,1847
1451,2022-06-26,False,completado,62,1466,1729
1452,2022-12-25,True,pendiente,757,732,941
1453,2022-08-04,False,pendiente,894,516,1243
1454,2022-09-24,True,cancelado,936,1183,833
1455,2024-02-16,False,completado,897,816,221
1456,2023-02-15,True,confirmado,706,1793,1695
1457,2022-09-20,False,completado,584,1013,1946
1458,2024-03-21,True,cancelado,42,1006,179
1459,2023-10-25,False,pendiente,121,238,1124
1460,2022-08-30,True,completado,884,1623,191
1461,2023-02-22,False,pendiente,991,1776,718
1462,2024-04-08,True,confirmado,952,1022,1774
1463,2024-01-19,False,pendiente,793,381,287
1464,2022-08-01,True,pendiente,330,941,1275
1465,2024-01-01,False,pendiente,13,637,1183
1466,2023-01-06,True,confirmado,745,1989,1019
1467,2023-01-11,False,pendiente,997,293,1998
1468,2024-03-06,True,pendiente,900,440,54
1469,2023-09-10,False,pendiente,441,818,1074
1470,2022-07-17,True,completado,613,863,1982
1471,2022-08-10,False,completado,270,1244,1790
1472,2023-11-11,True,confirmado,305,462,627
1473,2023-05-11,False,pendiente,757,544,1977
1474,2024-04-30,True,completado,28,395,697
1475,2023-03-14,False,pendiente,277,1323,1761
1476,2022-12-23,True,confirmado,333,788,1960
1477,2024-05-15,False,completado,331,1333,1642
1478,2022-09-24,True,completado,297,1698,2091
1479,2023-01-11,False,completado,686,932,503
1480,2023-10-07,True,cancelado,988,1243,1610
1481,2022-09-27,False,completado,755,231,287
1482,2022-10-31,True,confirmado,156,104,1880
1483,2023-01-08,False,pendiente,636,699,217
1484,2023-02-19,True,cancelado,806,453,45
1485,2023-06-29,False,completado,646,1969,1089
1486,2023-08-25,True,confirmado,185,342,251
1487,2023-04-02,False,pendiente,450,1754,286
1488,2022-07-01,True,completado,502,1348,856
1489,2024-05-23,False,completado,971,314,114
1490,2023-11-22,True,pendiente,732,9,889
1491,2023-06-26,False,completado,598,849,1605
1492,2022-11-27,True,completado,868,717,1826
1493,2022-08-10,False,completado,633,656,1511
1494,2023-01-23,True,confirmado,855,550,2062
1495,2024-02-21,False,completado,578,1368,1221
1496,2024-02-16,True,confirmado,560,232,180
1497,2022-11-01,False,pendiente,74,972,1524
1498,2023-05-02,True,confirmado,741,902,857
1499,2022-07-21,False,completado,339,1643,842
1500,2023-07-28,True,pendiente,919,320,772
1501,2022-09-04,False,pendiente,759,1920,1819
1502,2023-04-05,True,pendiente,88,445,104
1503,2024-04-30,False,completado,68,404,1570
1504,2022-06-25,True,pendiente,290,90,720
1505,2023-03-20,False,pendiente,569,738,1095
1506,2023-03-08,True,cancelado,55,1000,432
1507,2022-11-11,False,pendiente,535,1919,1037
1508,2023-08-11,True,confirmado,440,1082,1607
1509,2023-09-13,False,pendiente,567,1750,445
1510,2023-10-23,True,cancelado,332,385,1811
1511,2023-12-05,False,pendiente,578,543,2091
1512,2024-05-19,True,cancelado,905,349,209
1513,2023-06-25,False,completado,570,611,1302
1514,2023-05-25,True,completado,83,987,1800
1515,2022-12-27,False,pendiente,536,928,1247
1516,2022-11-21,True,pendiente,932,1853,1276
1517,2022-08-03,False,pendiente,419,1822,706
1518,2024-03-12,True,cancelado,123,1801,1657
1519,2024-04-02,False,completado,643,1156,1609
1520,2024-01-24,True,completado,366,68,1563
1521,2022-12-31,False,pendiente,700,845,141
1522,2023-05-17,True,cancelado,177,276,1832
1523,2023-06-21,False,pendiente,327,1393,1112
1524,2023-11-07,True,cancelado,635,1085,1940
1525,2022-10-12,False,pendiente,703,1347,1810
1526,2022-10-28,True,cancelado,386,851,1107
1527,2023-04-13,False,completado,168,1124,1803
1528,2022-09-08,True,completado,258,1315,817
1529,2023-02-28,False,completado,914,466,650
1530,2024-03-17,True,cancelado,804,983,133
1531,2023-12-14,False,pendiente,619,615,207
1532,2023-09-01,True,confirmado,802,121,707
1533,2022-10-04,False,completado,999,1556,1789
1534,2023-11-23,True,confirmado,896,1725,1160
1535,2024-03-16,False,completado,233,538,494
1536,2023-12-29,True,pendiente,311,1908,117
1537,2023-11-16,False,completado,850,1727,486
1538,2023-02-05,True,confirmado,602,1987,1748
1539,2022-09-12,False,completado,643,887,1460
1540,2024-01-24,True,confirmado,2,609,1143
1541,2024-03-02,False,completado,857,1659,1008
1542,2023-03-06,True,completado,805,46,411
1543,2024-04-14,False,completado,226,1802,1191
1544,2023-09-14,True,confirmado,581,413,505
1545,2022-12-27,False,pendiente,505,1747,61
1546,2023-12-30,True,cancelado,141,1113,1168
1547,2024-02-29,False,pendiente,993,1218,1228
1548,2023-05-27,True,pendiente,352,1351,1747
1549,2024-01-06,False,pendiente,796,735,1725
1550,2023-06-20,True,completado,665,715,823
1551,2023-01-23,False,pendiente,378,1314,340
1552,2022-09-11,True,pendiente,466,65,791
1553,2022-10-17,False,pendiente,164,420,210
1554,2023-06-18,True,pendiente,863,1408,2
1555,2022-11-26,False,completado,657,1720,1973
1556,2023-12-06,True,confirmado,255,715,157
1557,2024-01-09,False,pendiente,649,1740,1840
1558,2022-08-04,True,pendiente,180,191,1917
1559,2024-01-28,False,completado,59,1619,965
1560,2023-01-24,True,cancelado,98,668,1557
1561,2023-11-17,False,pendiente,113,353,148
1562,2022-09-10,True,confirmado,770,1433,969
1563,2023-09-24,False,pendiente,557,1864,1366
1564,2022-09-13,True,pendiente,627,1237,1843
1565,2022-09-04,False,completado,714,1060,275
1566,2023-12-11,True,confirmado,604,72,1324
1567,2022-10-21,False,completado,995,1090,334
1568,2023-07-30,True,cancelado,477,778,820
1569,2023-01-12,False,pendiente,455,804,1231
1570,2023-05-05,True,confirmado,617,1057,1965
1571,2023-12-15,False,pendiente,245,1633,1644
1572,2024-03-02,True,confirmado,789,710,115
1573,2022-07-22,False,completado,138,1107,922
1574,2022-09-28,True,completado,183,1284,681
1575,2023-12-24,False,pendiente,251,101,980
1576,2023-12-16,True,confirmado,985,1886,1951
1577,2022-10-13,False,pendiente,24,531,1041
1578,2024-03-06,True,cancelado,905,618,417
1579,2023-09-21,False,pendiente,126,410,1527
1580,2023-09-13,True,pendiente,872,16,617
1581,2022-12-22,False,pendiente,779,637,1664
1582,2023-03-22,True,confirmado,83,603,1167
1583,2023-09-11,False,completado,577,1140,20
1584,2024-05-28,True,completado,324,1474,1992
1585,2024-01-13,False,completado,626,1618,644
1586,2024-05-25,True,cancelado,593,240,95
1587,2022-09-27,False,pendiente,823,353,901
1588,2023-04-15,True,cancelado,583,1502,747
1589,2024-02-22,False,pendiente,236,746,1689
1590,2023-01-09,True,confirmado,239,1192,1412
1591,2023-10-31,False,completado,632,487,1000
1592,2023-10-29,True,completado,820,722,1548
1593,2024-01-28,False,pendiente,343,693,1031
1594,2023-03-23,True,pendiente,499,1603,186
1595,2022-08-15,False,completado,42,980,143
1596,2023-04-22,True,confirmado,373,49,1324
1597,2022-09-15,False,pendiente,849,1562,829
1598,2023-11-14,True,confirmado,47,1571,1958
1599,2023-11-24,False,completado,226,814,1549
1600,2023-04-20,True,cancelado,17,868,159
1601,2022-09-17,False,completado,285,351,187
1602,2022-06-27,True,confirmado,454,378,490
1603,2023-09-19,False,pendiente,255,497,1382
1604,2022-09-18,True,confirmado,89,189,617
1605,2022-07-10,False,completado,714,201,726
1606,2023-08-28,True,cancelado,365,1687,1226
1607,2024-03-14,False,pendiente,567,1794,1611
1608,2024-02-10,True,pendiente,558,997,916
1609,2022-07-19,False,completado,716,113,851
1610,2023-02-02,True,completado,468,197,1193
1611,2022-09-24,False,completado,581,454,1931
1612,2024-02-23,True,confirmado,638,490,2049
1613,2022-11-18,False,completado,72,1178,2045
1614,2024-02-08,True,pendiente,692,1409,1327
1615,2023-11-23,False,completado,639,1299,499
1616,2023-10-30,True,completado,42,1735,477
1617,2023-05-01,False,completado,505,1109,1415
1618,2022-09-09,True,cancelado,387,979,306
1619,2023-04-05,False,pendiente,263,1420,156
1620,2023-12-21,True,pendiente,532,333,770
1621,2023-10-08,False,pendiente,785,1694,1119
1622,2023-11-03,True,confirmado,417,91,1820
1623,2022-07-04,False,pendiente,624,215,1393
1624,2023-08-21,True,confirmado,521,1475,531
1625,2023-12-08,False,pendiente,747,423,1285
1626,2022-10-16,True,completado,275,1984,1650
1627,2023-01-04,False,completado,211,537,660
1628,2024-05-09,True,pendiente,491,1597,1271
1629,2023-10-01,False,pendiente,376,1210,1828
1630,2023-06-03,True,completado,366,234,208
1631,2023-11-07,False,pendiente,163,499,1427
1632,2022-06-21,True,pendiente,427,777,1324
1633,2022-08-22,False,completado,397,1058,1129
1634,2022-12-11,True,completado,921,5,1465
1635,2023-03-26,False,pendiente,160,94,1138
1636,2023-10-10,True,confirmado,435,1288,91
1637,2022-10-20,False,completado,320,1231,1773
1638,2022-07-16,True,confirmado,346,989,883
1639,2024-02-11,False,pendiente,209,1046,202
1640,2022-07-23,True,confirmado,943,1652,1395
1641,2022-09-18,False,pendiente,99,836,1864
1642,2024-04-10,True,completado,341,1283,1372
1643,2023-05-05,False,completado,917,15,1228
1644,2023-03-18,True,confirmado,338,388,1317
1645,2022-10-04,False,pendiente,232,387,1102
1646,2023-11-05,True,completado,187,891,1269
1647,2024-06-07,False,completado,143,1362,259
1648,2022-12-04,True,confirmado,30,1318,1720
1649,2022-11-27,False,completado,800,605,551
1650,2023-09-16,True,completado,356,42,150
1651,2023-03-03,False,completado,437,939,1788
1652,2023-01-15,True,completado,910,667,559
1653,2022-08-10,False,pendiente,746,1782,1429
1654,2022-08-24,True,pendiente,911,998,668
1655,2024-03-22,False,completado,80,1835,1328
1656,2024-01-15,True,completado,670,371,720
1657,2023-02-03,False,pendiente,882,1725,362
1658,2023-09-11,True,pendiente,920,248,536
1659,2023-02-13,False,pendiente,138,1307,1539
1660,2023-04-29,True,completado,862,1629,890
1661,2022-07-27,False,completado,999,1639,1521
1662,2023-01-07,True,pendiente,815,213,1337
1663,2023-12-16,False,pendiente,533,2000,186
1664,2023-01-28,True,completado,737,661,853
1665,2022-08-29,False,pendiente,562,580,1926
1666,2023-09-17,True,pendiente,977,1625,1984
1667,2022-09-23,False,completado,438,173,674
1668,2023-09-07,True,confirmado,938,338,1720
1669,2024-05-05,False,pendiente,662,139,1938
1670,2024-04-14,True,confirmado,193,1373,1736
1671,2024-02-17,False,completado,735,501,973
1672,2024-05-13,True,cancelado,982,1028,966
1673,2023-02-06,False,completado,186,13,882
1674,2022-08-03,True,pendiente,660,1434,1497
1675,2022-12-09,False,completado,462,647,1647
1676,2022-06-20,True,confirmado,987,1742,1336
1677,2022-11-13,False,completado,769,827,1828
1678,2024-01-24,True,completado,437,988,1861
1679,2024-02-02,False,completado,856,1772,375
1680,2022-11-06,True,cancelado,98,1835,513
1681,2023-11-26,False,completado,284,968,1480
1682,2022-08-19,True,completado,725,952,1968
1683,2023-10-21,False,pendiente,386,298,1442
1684,2023-07-25,True,confirmado,94,1960,155
1685,2023-05-04,False,completado,375,963,1439
1686,2023-07-29,True,cancelado,671,1037,880
1687,2023-06-05,False,pendiente,899,1251,68
1688,2022-07-30,True,completado,438,14,1993
1689,2022-10-27,False,pendiente,761,320,91
1690,2023-01-01,True,pendiente,749,1439,21
1691,2023-11-21,False,completado,674,1516,1676
1692,2022-08-15,True,confirmado,468,1681,1835
1693,2023-08-24,False,completado,809,1597,1290
1694,2023-07-23,True,cancelado,81,903,1459
1695,2024-05-02,False,completado,413,1365,1129
1696,2023-09-18,True,pendiente,885,298,1630
1697,2022-11-05,False,completado,949,1050,1566
1698,2024-06-04,True,completado,495,240,555
1699,2023-03-19,False,completado,862,268,984
1700,2023-10-19,True,completado,519,1541,1952
1701,2023-11-03,False,pendiente,576,987,1610
1702,2022-11-08,True,completado,40,1608,2066
1703,2023-02-07,False,completado,20,722,956
1704,2023-11-04,True,completado,459,1535,1881
1705,2023-09-05,False,completado,801,1926,830
1706,2022-10-25,True,completado,913,1036,1849
1707,2022-10-25,False,pendiente,744,1518,102
1708,2024-01-20,True,confirmado,611,957,237
1709,2023-09-21,False,completado,108,420,793
1710,2022-12-01,True,completado,542,310,769
1711,2022-08-10,False,completado,464,850,1481
1712,2023-12-17,True,pendiente,919,23,355
1713,2023-11-19,False,completado,805,1556,901
1714,2023-06-01,True,completado,812,1631,1833
1715,2023-05-21,False,completado,572,465,1009
1716,2023-04-03,True,cancelado,699,1302,825
1717,2023-03-14,False,completado,955,1010,12
1718,2023-10-17,True,completado,237,1593,828
1719,2024-01-27,False,pendiente,243,815,1400
1720,2023-07-23,True,cancelado,980,472,1097
1721,2023-02-27,False,pendiente,987,23,212
1722,2023-04-29,True,confirmado,321,337,1599
1723,2022-12-22,False,completado,364,1906,1173
1724,2023-09-15,True,completado,710,1167,1241
1725,2024-03-29,False,completado,61,1077,2081
1726,2024-04-18,True,confirmado,150,550,795
1727,2023-04-01,False,pendiente,655,1521,996
1728,2023-04-04,True,completado,270,1358,547
1729,2022-09-02,False,completado,49,882,80
1730,2024-04-04,True,pendiente,660,227,1304
1731,2023-06-21,False,pendiente,531,120,491
1732,2024-04-07,True,pendiente,960,457,363
1733,2022-06-24,False,completado,778,1807,1238
1734,2024-03-28,True,completado,892,1615,265
1735,2023-10-24,False,completado,540,1527,287
1736,2022-11-16,True,completado,284,528,2048
1737,2023-07-16,False,completado,602,1493,1087
1738,2022-11-24,True,pendiente,793,1878,1778
1739,2022-09-13,False,completado,643,805,772
1740,2024-03-01,True,pendiente,487,892,727
1741,2024-02-03,False,pendiente,824,1125,1301
1742,2023-10-13,True,completado,991,1738,16
1743,2022-10-22,False,pendiente,708,1332,1165
1744,2024-06-08,True,pendiente,479,635,1191
1745,2023-01-12,False,pendiente,797,557,1728
1746,2023-02-12,True,confirmado,188,413,1051
1747,2023-09-16,False,completado,466,1987,202
1748,2023-10-12,True,confirmado,839,290,289
1749,2023-01-15,False,pendiente,604,319,1093
1750,2024-01-15,True,cancelado,452,333,1640
1751,2024-03-09,False,pendiente,619,850,1505
1752,2023-11-02,True,pendiente,951,1406,1394
1753,2023-12-10,False,completado,799,1099,2040
1754,2022-06-15,True,completado,42,881,634
1755,2023-07-28,False,completado,956,1226,1816
1756,2024-01-27,True,cancelado,770,459,2087
1757,2023-01-29,False,pendiente,101,1474,713
1758,2023-04-29,True,completado,361,841,1906
1759,2022-07-29,False,pendiente,878,315,96
1760,2023-09-09,True,completado,46,1445,1579
1761,2024-06-03,False,pendiente,423,239,1353
1762,2024-03-19,True,pendiente,438,1120,540
1763,2023-08-11,False,pendiente,314,797,388
1764,2023-03-09,True,pendiente,838,341,347
1765,2022-12-27,False,completado,616,1379,1192
1766,2022-07-12,True,cancelado,138,688,818
1767,2022-11-26,False,completado,944,1743,2089
1768,2022-12-27,True,confirmado,734,1726,1672
1769,2022-06-22,False,completado,184,989,1242
1770,2022-08-17,True,confirmado,3,1501,1275
1771,2023-01-19,False,completado,67,28,357
1772,2024-05-30,True,pendiente,298,105,517
1773,2023-04-10,False,completado,393,1017,225
1774,2023-04-06,True,pendiente,111,1333,963
1775,2023-03-23,False,pendiente,244,1916,1584
1776,2023-09-19,True,confirmado,907,1313,1788
1777,2022-12-07,False,completado,803,581,1858
1778,2024-02-03,True,completado,372,634,270
1779,2023-03-15,False,completado,682,1437,1642
1780,2024-01-30,True,cancelado,174,365,1542
1781,2024-02-20,False,pendiente,42,744,1429
1782,2022-10-02,True,confirmado,566,1781,1595
1783,2022-09-13,False,pendiente,107,1995,1582
1784,2022-08-22,True,completado,34,389,1434
1785,2023-09-11,False,pendiente,486,1658,1451
1786,2023-06-18,True,completado,449,282,193
1787,2023-11-04,False,completado,537,1111,1732
1788,2024-04-30,True,cancelado,349,1006,108
1789,2024-06-09,False,pendiente,564,526,462
1790,2022-07-10,True,confirmado,854,1878,376
1791,2024-02-01,False,completado,952,152,1606
1792,2023-01-29,True,cancelado,125,1300,538
1793,2024-02-18,False,completado,381,524,638
1794,2023-12-25,True,pendiente,39,1604,261
1795,2023-04-01,False,pendiente,746,751,1070
1796,2022-09-06,True,confirmado,233,1098,1268
1797,2023-02-03,False,completado,586,1403,1884
1798,2022-10-26,True,pendiente,606,626,564
1799,2024-06-10,False,completado,220,851,1281
1800,2024-04-14,True,confirmado,977,152,127
1801,2024-02-20,False,completado,369,157,1545
1802,2023-06-24,True,cancelado,809,1014,889
1803,2023-12-14,False,pendiente,67,1136,1197
1804,2023-12-06,True,pendiente,543,1819,284
1805,2024-05-01,False,completado,609,605,2000
1806,2023-10-20,True,pendiente,331,1352,1571
1807,2022-10-27,False,pendiente,350,657,1001
1808,2023-04-05,True,confirmado,538,417,1450
1809,2022-10-13,False,completado,651,379,1024
1810,2024-05-22,True,pendiente,729,1982,1396
1811,2023-07-06,False,pendiente,444,1586,1073
1812,2022-07-05,True,pendiente,15,1404,1521
1813,2023-01-08,False,pendiente,658,358,24
1814,2024-02-07,True,completado,871,1728,1864
1815,2024-05-31,False,completado,398,1230,89
1816,2022-07-22,True,cancelado,751,1380,2044
1817,2024-01-30,False,completado,640,1740,409
1818,2023-08-09,True,cancelado,65,912,468
1819,2022-09-27,False,completado,403,1318,668
1820,2023-01-03,True,completado,307,111,1399
1821,2023-10-09,False,pendiente,310,472,979
1822,2022-08-02,True,cancelado,160,1451,631
1823,2023-10-29,False,completado,188,1032,1597
1824,2023-09-01,True,cancelado,365,1151,1292
1825,2023-08-03,False,pendiente,539,1421,1449
1826,2022-09-23,True,confirmado,147,1225,1009
1827,2024-06-05,False,completado,910,552,1884
1828,2024-06-02,True,confirmado,41,556,1224
1829,2024-02-26,False,completado,802,1395,225
1830,2022-08-04,True,cancelado,44,572,143
1831,2023-09-21,False,completado,79,1883,881
1832,2022-08-02,True,confirmado,201,988,233
1833,2023-04-06,False,completado,366,1426,320
1834,2022-09-13,True,cancelado,277,591,989
1835,2023-09-08,False,pendiente,644,866,394
1836,2023-12-20,True,completado,324,1146,930
1837,2024-02-27,False,completado,598,1612,880
1838,2022-11-29,True,completado,20,1014,792
1839,2024-05-26,False,pendiente,444,587,1961
1840,2022-10-27,True,cancelado,255,1403,631
1841,2024-05-03,False,completado,727,706,1456
1842,2024-01-10,True,confirmado,344,22,2057
1843,2023-08-29,False,pendiente,214,1722,2046
1844,2023-12-25,True,completado,770,687,1606
1845,2023-01-27,False,completado,381,405,252
1846,2024-03-02,True,cancelado,80,1709,1127
1847,2022-12-24,False,pendiente,979,908,685
1848,2023-01-01,True,completado,714,482,1988
1849,2024-02-29,False,completado,17,1907,1448
1850,2024-04-16,True,completado,214,231,66
1851,2024-06-05,False,pendiente,933,359,1882
1852,2023-02-03,True,completado,389,1216,1207
1853,2024-04-07,False,pendiente,792,156,69
1854,2022-09-06,True,completado,394,1412,321
1855,2023-03-10,False,completado,538,1171,1088
1856,2024-01-12,True,cancelado,276,436,1322
1857,2023-09-25,False,pendiente,882,318,1198
1858,2022-08-21,True,pendiente,154,155,568
1859,2023-07-23,False,completado,525,1625,1103
1860,2024-01-11,True,pendiente,898,983,1217
1861,2022-12-02,False,pendiente,149,1933,1593
1862,2022-12-08,True,confirmado,952,1818,1561
1863,2022-08-26,False,completado,601,776,538
1864,2022-11-08,True,cancelado,873,1791,119
1865,2024-05-19,False,completado,860,1712,163
1866,2024-06-06,True,completado,988,616,272
1867,2024-06-11,False,completado,337,288,1364
1868,2023-03-06,True,confirmado,988,1487,1164
1869,2023-12-06,False,completado,812,1523,392
1870,2023-04-19,True,completado,921,165,1627
1871,2024-03-14,False,pendiente,795,176,342
1872,2022-06-19,True,cancelado,117,137,1617
1873,2024-01-23,False,completado,483,1441,1257
1874,2023-12-18,True,pendiente,778,1398,978
1875,2022-11-11,False,pendiente,906,1264,1100
1876,2022-06-23,True,completado,245,924,1659
1877,2023-04-09,False,pendiente,181,575,1414
1878,2024-04-13,True,pendiente,882,1048,1998
1879,2023-01-23,False,completado,241,308,912
1880,2022-09-21,True,confirmado,436,878,1738
1881,2023-10-16,False,pendiente,905,19,1927
1882,2023-06-15,True,cancelado,891,1280,606
1883,2023-06-02,False,pendiente,303,782,993
1884,2024-03-18,True,pendiente,991,609,1050
1885,2023-12-10,False,pendiente,76,361,2037
1886,2024-06-06,True,confirmado,654,1794,1894
1887,2023-11-23,False,pendiente,984,1197,1954
1888,2022-09-19,True,completado,979,1215,1320
1889,2022-10-21,False,pendiente,854,915,1999
1890,2024-04-21,True,confirmado,544,1874,791
1891,2023-11-15,False,completado,812,28,369
1892,2023-12-07,True,confirmado,667,878,575
1893,2023-08-01,False,pendiente,706,226,1832
1894,2022-12-25,True,cancelado,497,1994,538
1895,2024-01-02,False,pendiente,428,771,1122
1896,2023-12-23,True,completado,48,409,898
1897,2024-06-12,False,pendiente,884,1019,1687
1898,2023-09-04,True,completado,652,143,164
1899,2024-04-10,False,completado,848,714,202
1900,2023-11-12,True,pendiente,304,1146,648
1901,2023-08-02,False,pendiente,710,1309,301
1902,2023-02-15,True,confirmado,948,1698,835
1903,2023-12-10,False,pendiente,358,468,2087
1904,2023-05-25,True,pendiente,471,1554,1708
1905,2023-02-23,False,pendiente,236,1901,591
1906,2024-02-16,True,completado,246,1685,1055
1907,2024-04-18,False,pendiente,728,1217,2040
1908,2022-11-25,True,cancelado,918,1881,1921
1909,2022-08-10,False,completado,308,1947,1249
1910,2024-01-06,True,completado,502,706,1842
1911,2023-02-25,False,pendiente,15,294,487
1912,2022-08-17,True,cancelado,30,1262,1974
1913,2023-04-02,False,completado,179,1977,1478
1914,2022-11-12,True,pendiente,66,861,390
1915,2023-09-29,False,completado,592,1740,521
1916,2023-10-11,True,pendiente,906,1788,1971
1917,2022-09-26,False,completado,624,674,1495
1918,2023-12-02,True,cancelado,266,1156,1941
1919,2023-11-05,False,completado,333,161,1266
1920,2023-02-04,True,completado,155,1065,2030
1921,2024-06-01,False,pendiente,116,1487,1635
1922,2023-06-15,True,completado,846,472,646
1923,2023-04-22,False,pendiente,75,969,1754
1924,2024-02-19,True,confirmado,665,1599,904
1925,2022-12-30,False,pendiente,309,1016,1099
1926,2023-10-17,True,completado,608,302,1985
1927,2022-08-03,False,completado,894,681,2039
1928,2023-11-02,True,cancelado,467,1136,482
1929,2023-11-11,False,completado,839,1281,1009
1930,2022-11-26,True,pendiente,306,1089,238
1931,2022-09-24,False,pendiente,136,698,1144
1932,2022-07-31,True,cancelado,704,876,2014
1933,2022-08-25,False,pendiente,181,566,1897
1934,2022-07-17,True,cancelado,246,15,153
1935,2023-06-21,False,pendiente,387,848,1731
1936,2023-02-01,True,cancelado,83,1736,1485
1937,2024-03-04,False,completado,1000,970,1220
1938,2023-12-12,True,cancelado,961,411,1414
1939,2022-08-13,False,pendiente,647,1835,1675
1940,2022-08-02,True,cancelado,201,71,69
1941,2022-12-26,False,pendiente,378,1118,641
1942,2023-04-26,True,confirmado,252,1010,1431
1943,2024-04-16,False,completado,689,1005,1941
1944,2023-06-08,True,completado,958,93,914
1945,2023-02-22,False,pendiente,718,691,1502
1946,2022-09-17,True,pendiente,210,331,1994
1947,2022-07-27,False,completado,190,1342,804
1948,2022-09-15,True,cancelado,656,854,880
1949,2023-03-14,False,pendiente,595,730,1390
1950,2022-10-25,True,completado,974,1739,210
1951,2024-04-26,False,pendiente,873,674,119
1952,2023-12-07,True,completado,23,371,1232
1953,2023-07-22,False,pendiente,210,923,1541
1954,2023-08-19,True,confirmado,64,1008,816
1955,2023-08-03,False,pendiente,376,213,1012
1956,2022-10-28,True,pendiente,492,293,203
1957,2023-05-18,False,pendiente,487,1587,743
1958,2024-02-28,True,cancelado,3,971,330
1959,2022-10-10,False,completado,27,293,1428
1960,2023-10-25,True,cancelado,756,430,537
1961,2022-12-12,False,completado,969,1767,1984
1962,2023-02-28,True,confirmado,985,1625,841
1963,2023-04-10,False,completado,55,1752,65
1964,2022-12-07,True,cancelado,408,565,784
1965,2023-08-08,False,pendiente,770,1315,2077
1966,2022-06-17,True,pendiente,998,239,893
1967,2023-06-26,False,completado,586,975,623
1968,2023-03-30,True,completado,743,742,1441
1969,2023-04-29,False,pendiente,942,1855,1019
1970,2023-01-02,True,completado,31,1942,1197
1971,2023-10-25,False,completado,68,207,276
1972,2023-06-06,True,completado,554,1352,328
1973,2023-12-28,False,pendiente,920,1080,38
1974,2024-04-19,True,completado,197,1586,1758
1975,2023-11-30,False,pendiente,383,1305,847
1976,2024-03-21,True,pendiente,106,1089,705
1977,2023-08-21,False,completado,794,633,921
1978,2022-08-12,True,confirmado,218,429,1887
1979,2023-04-02,False,completado,250,333,1877
1980,2022-10-02,True,cancelado,635,1460,292
1981,2023-08-08,False,completado,762,1790,509
1982,2023-02-09,True,pendiente,113,1565,276
1983,2023-04-20,False,completado,447,284,728
1984,2023-05-07,True,pendiente,462,988,360
1985,2023-08-22,False,pendiente,311,1079,1010
1986,2023-09-20,True,pendiente,795,1240,1976
1987,2022-11-07,False,completado,358,1433,1181
1988,2022-06-20,True,completado,714,160,242
1989,2022-12-07,False,pendiente,458,1385,2
1990,2022-12-28,True,completado,779,1136,1077
1991,2023-10-11,False,pendiente,157,206,354
1992,2023-01-30,True,confirmado,289,1248,793
1993,2023-02-06,False,completado,667,802,1470
1994,2023-11-30,True,confirmado,971,1304,672
1995,2023-06-29,False,pendiente,914,398,996
1996,2023-08-25,True,pendiente,664,1340,713
1997,2024-01-20,False,completado,828,93,629
1998,2022-08-02,True,cancelado,955,1582,1750
1999,2023-05-23,False,completado,980,895,30
2000,2024-05-14,True,confirmado,150,1051,945
